name,zipCode,nisCode,province,main
'S Gravenwezel,2970,11039,Antwerpen,0
'S Herenelderen,3700,73083,Limburg,0
Aaigem,9420,41082,Oost-Vlaanderen,0
Aalbeke,8511,34022,West-Vlaanderen,0
Aalst,3800,71053,Limburg,0
Aalst,9300,71053,Oost-Vlaanderen,1
Aalter,9880,44001,Oost-Vlaanderen,1
Aarschot,3200,24001,Vlaams-Brabant,1
Aarsele,8700,37015,West-Vlaanderen,0
Aartrijke,8211,31040,West-Vlaanderen,0
Aartselaar,2630,11001,Antwerpen,1
Abolens,4280,64034,Luik,0
Abée,4557,61081,Luik,0
Achel,3930,72037,Limburg,0
Achet,5362,91059,Namen,0
Achêne,5590,91030,Namen,0
Acosse,4219,64075,Luik,0
Acoz,6280,52025,Henegouwen,0
Adegem,9991,43010,Oost-Vlaanderen,0
Adinkerke,8660,38008,West-Vlaanderen,0
Affligem,1790,23105,Vlaams-Brabant,1
Afsnee,9051,44021,Oost-Vlaanderen,0
Agimont,5544,91142,Namen,0
Aineffe,4317,64076,Luik,0
Aische-En-Refail,5310,92035,Namen,0
Aiseau,6250,52074,Henegouwen,0
Aisemont,5070,92048,Namen,0
Alken,3570,73001,Limburg,1
Alle,5550,91143,Namen,0
Alleur,4432,62003,Luik,0
Alsemberg,1652,23003,Vlaams-Brabant,0
Alveringem,8690,38002,West-Vlaanderen,1
Amay,4540,61003,Luik,1
Amberloup,6680,82038,Luxemburg,0
Ambly,6953,83040,Luxemburg,0
Amblève,4770,63001,Luik,1
Ambresin,4219,64075,Luik,0
Amonines,6997,83013,Luxemburg,0
Amougies,7750,57095,Henegouwen,0
Ampsin,4540,61003,Luik,0
Andenne,5300,92003,Namen,1
Anderlecht,1070,21001,Brussel,1
Anderlues,6150,56001,Henegouwen,1
Andrimont,4821,63020,Luik,0
Angleur,4031,62063,Luik,0
Angre,7387,53083,Henegouwen,0
Angreau,7387,53083,Henegouwen,0
Anhée,5537,91005,Namen,1
Anlier,6721,85046,Luxemburg,0
Anloy,6890,84035,Luxemburg,0
Annevoie-Rouillon,5537,91005,Namen,0
Ans,4430,62003,Luik,1
Anseremme,5500,91034,Namen,0
Anseroeul,7750,57095,Henegouwen,0
Antheit,4520,61072,Luik,0
Anthisnes,4160,61079,Luik,1
Anthée,5520,91103,Namen,0
Antoing,7640,57003,Henegouwen,1
Antwerpen,2000,11002,Antwerpen,1
Antwerpen,2018,11002,Antwerpen,1
Antwerpen,2020,11002,Antwerpen,1
Antwerpen,2030,11002,Antwerpen,1
Antwerpen,2040,11002,Antwerpen,1
Antwerpen,2050,11002,Antwerpen,1
Antwerpen,2060,11002,Antwerpen,1
Anvaing,7910,51065,Henegouwen,0
Anzegem,8570,34002,West-Vlaanderen,1
Appels,9200,42006,Oost-Vlaanderen,0
Appelterre-Eichem,9400,41048,Oost-Vlaanderen,0
Arbre,5170,92101,Namen,0
Arbre,7811,92101,Henegouwen,0
Arbrefontaine,4990,63045,Luik,0
Arc-Ainières,7910,51065,Henegouwen,0
Arc-Wattripont,7910,51065,Henegouwen,0
Archennes,1390,25037,Waals-Brabant,0
Ardooie,8850,37020,West-Vlaanderen,1
Arendonk,2370,13001,Antwerpen,1
Argenteau,4601,62108,Luik,0
Arlon,6700,81001,Luxemburg,1
Arquennes,7181,52063,Henegouwen,0
Arsimont,5060,92137,Namen,0
Arville,6870,84059,Luxemburg,0
As,3665,71002,Limburg,1
Aspelare,9404,41048,Oost-Vlaanderen,0
Asper,9890,44020,Oost-Vlaanderen,0
Asquillies,7040,53084,Henegouwen,0
Asse,1730,23002,Vlaams-Brabant,1
Assebroek,8310,31005,West-Vlaanderen,0
Assenede,9960,43002,Oost-Vlaanderen,1
Assenois,6860,84033,Luxemburg,0
Assent,3460,24008,Vlaams-Brabant,0
Assesse,5330,92006,Namen,1
Astene,9800,44011,Oost-Vlaanderen,0
Ath,7800,51004,Henegouwen,1
Athis,7387,53083,Henegouwen,0
Athus,6791,81004,Luxemburg,0
Attenhoven,3404,24059,Vlaams-Brabant,0
Attenrode,3384,24137,Vlaams-Brabant,0
Attert,6717,81003,Luxemburg,1
Attre,7941,51012,Henegouwen,0
Aubange,6790,81004,Luxemburg,1
Aubechies,7972,51008,Henegouwen,0
Aubel,4880,63003,Luik,1
Aublain,5660,93014,Namen,0
Auby-Sur-Semois,6880,84009,Luxemburg,0
Audregnies,7382,53068,Henegouwen,0
Aulnois,7040,53084,Henegouwen,0
Autelbas,6706,81001,Luxemburg,0
Autre-Eglise,1367,25122,Waals-Brabant,0
Autreppe,7387,53083,Henegouwen,0
Auvelais,5060,92137,Namen,0
Ave-Et-Auffe,5580,91114,Namen,0
Avekapelle,8630,38025,West-Vlaanderen,0
Avelgem,8580,34003,West-Vlaanderen,1
Avennes,4260,64015,Luik,0
Averbode,3271,24134,Vlaams-Brabant,0
Avernas-Le-Bauduin,4280,64034,Luik,0
Avin,4280,64034,Luik,0
Awans,4340,62006,Luik,1
Awenne,6870,84059,Luxemburg,0
Awirs,4400,62120,Luik,0
Aye,6900,83034,Luxemburg,0
Ayeneux,4630,62099,Luik,0
Aywaille,4920,62009,Luik,1
Baaigem,9890,44020,Oost-Vlaanderen,0
Baal,3128,24109,Vlaams-Brabant,0
Baardegem,9310,41002,Oost-Vlaanderen,0
Baarle-hertog,2387,13002,Antwerpen,1
Baasrode,9200,42006,Oost-Vlaanderen,0
Bachte-Maria-Leerne,9800,44011,Oost-Vlaanderen,0
Baelen,4837,63004,Luik,1
Bagimont,5550,91143,Namen,0
Baileux,6464,56016,Henegouwen,0
Bailièvre,6460,56016,Henegouwen,0
Baillamont,5555,85039,Namen,0
Bailleul,7730,57027,Henegouwen,0
Baillonville,5377,91120,Namen,0
Baisieux,7380,53068,Henegouwen,0
Baisy-Thy,1470,25031,Waals-Brabant,0
Balegem,9860,44052,Oost-Vlaanderen,0
Balen,2490,13003,Antwerpen,1
Balâtre,5190,92140,Namen,0
Bambrugge,9420,41082,Oost-Vlaanderen,0
Bande,6951,83040,Luxemburg,0
Barbençon,6500,56005,Henegouwen,0
Barchon,4671,62119,Luik,0
Baronville,5570,91013,Namen,0
Barry,7534,57081,Henegouwen,0
Barvaux-Condroz,5370,91064,Namen,0
Barvaux-Sur-Ourthe,6940,83012,Luxemburg,0
Bas-Oha,4520,61072,Luik,0
Basse-Bodeux,4983,63086,Luik,0
Bassenge,4690,62011,Luik,1
Bassevelde,9968,43002,Oost-Vlaanderen,0
Bassilly,7830,55039,Henegouwen,0
Bastogne,6600,82003,Luxemburg,1
Basècles,7971,51008,Henegouwen,0
Batsheers,3870,73022,Limburg,0
Battice,4651,63035,Luik,0
Battignies,7130,56011,Henegouwen,0
Baudour,7331,53070,Henegouwen,0
Bauffe,7870,53046,Henegouwen,0
Baugnies,7604,57064,Henegouwen,0
Baulers,1401,25072,Waals-Brabant,0
Bavegem,9520,41063,Oost-Vlaanderen,0
Bavikhove,8531,34013,West-Vlaanderen,0
Bazel,9150,46013,Oost-Vlaanderen,0
Beaufays,4052,62022,Luik,0
Beaumont,6500,56005,Henegouwen,1
Beauraing,5570,91013,Namen,1
Beausaint,6980,83031,Luxemburg,0
Beauvechain,1320,25005,Waals-Brabant,1
Beauwelz,6594,56051,Henegouwen,0
Beclers,7532,57081,Henegouwen,0
Beek,3960,72004,Limburg,0
Beerlegem,9630,45065,Oost-Vlaanderen,0
Beernem,8730,31003,West-Vlaanderen,1
Beerse,2340,13004,Antwerpen,1
Beersel,1650,23003,Vlaams-Brabant,1
Beerst,8600,32003,West-Vlaanderen,0
Beert,1673,23064,Vlaams-Brabant,0
Beervelde,9080,44034,Oost-Vlaanderen,0
Beerzel,2580,12029,Antwerpen,0
Beez,5000,92094,Namen,0
Beffe,6987,83044,Luxemburg,0
Begijnendijk,3130,24007,Vlaams-Brabant,1
Beho,6672,82037,Luxemburg,0
Beigem,1852,23025,Vlaams-Brabant,0
Bekegem,8480,35006,West-Vlaanderen,0
Bekkerzeel,1730,23002,Vlaams-Brabant,0
Bekkevoort,3460,24008,Vlaams-Brabant,1
Belgrade,5001,92094,Namen,0
Bellaire,4610,62015,Luik,0
Bellecourt,7170,52043,Henegouwen,0
Bellefontaine,5555,85039,Namen,0
Bellefontaine,6730,85039,Luxemburg,0
Bellegem,8510,34022,West-Vlaanderen,0
Bellem,9881,44001,Oost-Vlaanderen,0
Bellevaux,6834,84010,Luxemburg,0
Bellevaux-Ligneuville,4960,63049,Luik,0
Bellingen,1674,23064,Vlaams-Brabant,0
Beloeil,7970,51008,Henegouwen,1
Belsele,9111,46021,Oost-Vlaanderen,0
Ben-Ahin,4500,61031,Luik,0
Bende,6941,83012,Luxemburg,0
Berbroek,3540,71024,Limburg,0
Berchem,2600,11002,Antwerpen,0
Berchem,9690,11002,Oost-Vlaanderen,0
Berendrecht,2040,11002,Antwerpen,0
Berg,1910,73083,Vlaams-Brabant,0
Berg,3700,73083,Limburg,0
Bergilers,4360,64056,Luik,0
Beringen,3580,71004,Limburg,1
Berlaar,2590,12002,Antwerpen,1
Berlare,9290,42003,Oost-Vlaanderen,1
Berlingen,3830,73098,Limburg,0
Berloz,4257,64008,Luik,1
Berneau,4607,62027,Luik,0
Bernissart,7320,51009,Henegouwen,1
Bersillies-L'Abbaye,6560,56022,Henegouwen,0
Bertem,3060,24009,Vlaams-Brabant,1
Bertogne,6687,82005,Luxemburg,1
Bertrix,6880,84009,Luxemburg,1
Bertrée,4280,64034,Luik,0
Berzée,5651,93088,Namen,0
Beselare,8980,33037,West-Vlaanderen,0
Betekom,3130,24007,Vlaams-Brabant,0
Bettincourt,4300,64074,Luik,0
Beuzet,5030,92142,Namen,0
Bevel,2560,12026,Antwerpen,0
Bever,1547,23009,Vlaams-Brabant,1
Bevercé,4960,63049,Luik,0
Bevere,9700,45035,Oost-Vlaanderen,0
Beveren,8791,46003,West-Vlaanderen,0
Beveren,8800,46003,West-Vlaanderen,0
Beveren-Aan-De-Ijzer,8691,38002,West-Vlaanderen,0
Beveren-waas,9120,46003,Oost-Vlaanderen,1
Beverlo,3581,71004,Limburg,0
Beverst,3740,73006,Limburg,0
Beyne-heusay,4610,62015,Luik,1
Bienne-Lez-Happart,6543,56044,Henegouwen,0
Bierbeek,3360,24011,Vlaams-Brabant,1
Biercée,6533,56078,Henegouwen,0
Bierges,1301,25112,Waals-Brabant,0
Bierghes,1430,25123,Waals-Brabant,0
Bierset,4460,62118,Luik,0
Bierwart,5380,92138,Namen,0
Biesme,5640,92087,Namen,0
Biesme-Sous-Thuin,6531,56078,Henegouwen,0
Biesmerée,5640,92087,Namen,0
Biez,1390,25037,Waals-Brabant,0
Bihain,6690,82032,Luxemburg,0
Bikschote,8920,33040,West-Vlaanderen,0
Bilstain,4831,63046,Luik,0
Bilzen,3740,73006,Limburg,1
Binche,7130,56011,Henegouwen,1
Binderveld,3850,71045,Limburg,0
Binkom,3211,24066,Vlaams-Brabant,0
Bioul,5537,91005,Namen,0
Bissegem,8501,34022,West-Vlaanderen,0
Bizet,7783,54010,Henegouwen,0
Bièvre,5555,85039,Namen,1
Blaasveld,2830,12040,Antwerpen,0
Blaimont,5542,91142,Namen,0
Blandain,7522,57081,Henegouwen,0
Blanden,3052,24086,Vlaams-Brabant,0
Blankenberge,8370,31004,West-Vlaanderen,1
Blaregnies,7040,53084,Henegouwen,0
Blaton,7321,51009,Henegouwen,0
Blaugies,7370,53020,Henegouwen,0
Blehen,4280,64034,Luik,0
Bleid,6760,85045,Luxemburg,0
Bleret,4300,64074,Luik,0
Blicquy,7903,57094,Henegouwen,0
Blégny,4670,62119,Luik,1
Bléharies,7620,57093,Henegouwen,0
Bocholt,3950,72003,Limburg,1
Bodegnée,4537,61063,Luik,0
Boechout,2530,11004,Antwerpen,1
Boekhout,3890,71017,Limburg,0
Boekhoute,9961,43002,Oost-Vlaanderen,0
Boezinge,8904,33011,West-Vlaanderen,0
Bogaarden,1670,23064,Vlaams-Brabant,0
Bohan,5550,91143,Namen,0
Boignée,5140,92114,Namen,0
Boirs,4690,62011,Luik,0
Bois-D'Haine,7170,52043,Henegouwen,0
Bois-De-Lessines,7866,55023,Henegouwen,0
Bois-De-Villers,5170,92101,Namen,0
Bois-Et-Borsu,4560,61012,Luik,0
Bolinne,5310,92035,Namen,0
Bolland,4653,63035,Luik,0
Bomal,1367,83012,Waals-Brabant,0
Bomal-Sur-Ourthe,6941,83012,Luxemburg,0
Bombaye,4607,62027,Luik,0
Bommershoven,3840,73009,Limburg,0
Bon-Secours,7603,57064,Henegouwen,0
Boncelles,4100,62096,Luik,0
Boneffe,5310,92035,Namen,0
Bonheiden,2820,12005,Antwerpen,1
Boninne,5021,92094,Namen,0
Bonlez,1325,25018,Waals-Brabant,0
Bonnert,6700,81001,Luxemburg,0
Bonneville,5300,92003,Namen,0
Bonsin,5377,91120,Namen,0
Booischot,2221,12014,Antwerpen,0
Booitshoeke,8630,38025,West-Vlaanderen,0
Boom,2850,11005,Antwerpen,1
Boorsem,3631,73107,Limburg,0
Boortmeerbeek,3190,24014,Vlaams-Brabant,1
Borchtlombeek,1761,23097,Vlaams-Brabant,0
Borgerhout,2140,11002,Antwerpen,0
Borgloon,3840,73009,Limburg,1
Borlez,4317,64076,Luik,0
Borlo,3891,71017,Limburg,0
Borlon,6941,83012,Luxemburg,0
Bornem,2880,12007,Antwerpen,1
Bornival,1404,25072,Waals-Brabant,0
Borsbeek,2150,11007,Antwerpen,1
Borsbeke,9552,41027,Oost-Vlaanderen,0
Bossière,5032,92142,Namen,0
Bossuit,8583,34003,West-Vlaanderen,0
Bossut-Gottechain,1390,25037,Waals-Brabant,0
Bost,3300,24107,Vlaams-Brabant,0
Bothey,5032,92142,Namen,0
Bottelare,9820,44043,Oost-Vlaanderen,0
Bouffioulx,6200,52012,Henegouwen,0
Bouge,5004,92094,Namen,0
Bougnies,7040,53084,Henegouwen,0
Bouillon,6830,84010,Luxemburg,1
Bourlers,6464,56016,Henegouwen,0
Bourseigne-Neuve,5575,91054,Namen,0
Bourseigne-Vieille,5575,91054,Namen,0
Boussoit,7110,55022,Henegouwen,0
Boussu,7300,53014,Henegouwen,1
Boussu-En-Fagne,5660,93014,Namen,0
Boussu-Lez-Walcourt,6440,56029,Henegouwen,0
Bousval,1470,25031,Waals-Brabant,0
Boutersem,3370,24016,Vlaams-Brabant,1
Bouvignes-Sur-Meuse,5500,91034,Namen,0
Bouvignies,7803,51004,Henegouwen,0
Bouwel,2288,13010,Antwerpen,0
Bovekerke,8680,32010,West-Vlaanderen,0
Bovelingen,3870,73022,Limburg,0
Bovenistier,4300,64074,Luik,0
Bovesse,5081,92141,Namen,0
Bovigny,6671,82037,Luxemburg,0
Boëlhe,4250,64029,Luik,0
Bra,4990,63045,Luik,0
Braffe,7604,57064,Henegouwen,0
Braibant,5590,91030,Namen,0
Braine-l'alleud,1420,25014,Waals-Brabant,1
Braine-le-château,1440,25015,Waals-Brabant,1
Braine-le-comte,7090,55004,Henegouwen,1
Braives,4260,64015,Luik,1
Brakel,9660,45059,Oost-Vlaanderen,1
Branchon,5310,92035,Namen,0
Bras,6800,84077,Luxemburg,0
Brasmenil,7604,57064,Henegouwen,0
Brasschaat,2930,11008,Antwerpen,1
Bray,7130,56011,Henegouwen,0
Brecht,2960,11009,Antwerpen,1
Bredene,8450,35002,West-Vlaanderen,1
Bree,3960,72004,Limburg,1
Breendonk,2870,12030,Antwerpen,0
Bressoux,4020,62063,Luik,0
Brielen,8900,33011,West-Vlaanderen,0
Broechem,2520,11035,Antwerpen,0
Broekom,3840,73009,Limburg,0
Brugelette,7940,51012,Henegouwen,1
Brugge,8000,31005,West-Vlaanderen,1
Brussegem,1785,23052,Vlaams-Brabant,0
Brussel,1000,21004,Brussel,1
Brustem,3800,71053,Limburg,0
Bruyelle,7641,57003,Henegouwen,0
Brye,6222,52021,Henegouwen,0
Brûly,5660,93014,Namen,0
Brûly-De-Pesche,5660,93014,Namen,0
Budingen,3440,24130,Vlaams-Brabant,0
Buggenhout,9255,42004,Oost-Vlaanderen,1
Buissenal,7911,51065,Henegouwen,0
Buissonville,5580,91114,Namen,0
Buizingen,1501,23027,Vlaams-Brabant,0
Buken,1910,23038,Vlaams-Brabant,0
Bullange,4760,63012,Luik,1
Bulskamp,8630,38025,West-Vlaanderen,0
Bunsbeek,3380,24137,Vlaams-Brabant,0
Burcht,2070,11056,Antwerpen,0
Burdinne,4210,61010,Luik,1
Bure,6927,84068,Luxemburg,0
Burst,9420,41082,Oost-Vlaanderen,0
Bury,7602,57064,Henegouwen,0
Butgenbach,4750,63013,Luik,1
Buvingen,3891,71017,Limburg,0
Buvrinnes,7133,56011,Henegouwen,0
Buzenol,6743,85009,Luxemburg,0
Buzet,6230,52055,Henegouwen,0
Callenelle,7604,57064,Henegouwen,0
Calonne,7642,57003,Henegouwen,0
Cambron-Casteau,7940,51012,Henegouwen,0
Cambron-Saint-Vincent,7870,53046,Henegouwen,0
Carlsbourg,6850,84050,Luxemburg,0
Carnières,7141,56087,Henegouwen,0
Casteau,7061,55040,Henegouwen,0
Castillon,5650,93088,Namen,0
Celles,4317,91072,Luik,0
Celles,5561,91072,Namen,0
Celles,7760,91072,Henegouwen,1
Cerfontaine,5630,93010,Namen,1
Chaineux,4650,63035,Luik,0
Chairière,5550,91143,Namen,0
Champion,5020,92094,Namen,0
Champlon,6971,83049,Luxemburg,0
Chanly,6921,84075,Luxemburg,0
Chantemelle,6742,85009,Luxemburg,0
Chapelle-lez-herlaimont,7160,52010,Henegouwen,1
Chapelle-À-Oie,7903,57094,Henegouwen,0
Chapelle-À-Wattines,7903,57094,Henegouwen,0
Chapon-Seraing,4537,61063,Luik,0
Charleroi,6000,52011,Henegouwen,1
Charneux,4654,63035,Luik,0
Chassepierre,6824,85011,Luxemburg,0
Chastre-Villeroux-Blanmont,1450,25117,Waals-Brabant,0
Chastrès,5650,93088,Namen,0
Chaudfontaine,4050,62022,Luik,1
Chaumont-gistoux,1325,25018,Waals-Brabant,1
Chaussée-Notre-Dame-Louvignies,7063,55040,Henegouwen,0
Cherain,6673,82037,Luxemburg,0
Cheratte,4602,62108,Luik,0
Chercq,7521,57081,Henegouwen,0
Chevetogne,5590,91030,Namen,0
Chevron,4987,63075,Luik,0
Chimay,6460,56016,Henegouwen,1
Chiny,6810,85007,Luxemburg,1
Chièvres,7950,51014,Henegouwen,1
Chokier,4400,62120,Luik,0
Châtelet,6200,52012,Henegouwen,1
Châtelineau,6200,52012,Henegouwen,0
Châtillon,6747,85034,Luxemburg,0
Chênee,4032,62063,Luik,0
Ciergnon,5560,91072,Namen,0
Ciney,5590,91030,Namen,1
Ciplet,4260,64015,Luik,0
Ciply,7024,53053,Henegouwen,0
Clabecq,1480,25105,Waals-Brabant,0
Clavier,4560,61012,Luik,1
Clermont,4890,93088,Luik,0
Clermont,5650,93088,Namen,0
Clermont-Sous-Huy,4480,61080,Luik,0
Cognelée,5022,92094,Namen,0
Colfontaine,7340,53082,Henegouwen,1
Comblain-Fairon,4180,61024,Luik,0
Comblain-La-Tour,4180,61024,Luik,0
Comblain-au-pont,4170,62026,Luik,1
Conneux,5590,91030,Namen,0
Corbais,1435,25068,Waals-Brabant,0
Corbion,6838,84010,Luxemburg,0
Cordes,7910,51065,Henegouwen,0
Corenne,5620,93022,Namen,0
Cornesse,4860,63058,Luik,0
Cornimont,5555,85039,Namen,0
Corroy-Le-Château,5032,92142,Namen,0
Corroy-Le-Grand,1325,25018,Waals-Brabant,0
Corswarem,4257,64008,Luik,0
Cortil-Noirmont,1450,25117,Waals-Brabant,0
Cortil-Wodon,5380,92138,Namen,0
Couillet,6010,52011,Henegouwen,0
Cour-Sur-Heure,6120,56086,Henegouwen,0
Courcelles,6180,52015,Henegouwen,1
Courrière,5336,92006,Namen,0
Court-saint-etienne,1490,25023,Waals-Brabant,1
Couthuin,4218,61028,Luik,0
Coutisse,5300,92003,Namen,0
Couture-Saint-Germain,1380,25119,Waals-Brabant,0
Couvin,5660,93014,Namen,1
Cras-Avernas,4280,64034,Luik,0
Crehen,4280,64034,Luik,0
Crisnée,4367,64021,Luik,1
Croix-Lez-Rouveroy,7120,56085,Henegouwen,0
Crombach,4784,63067,Luik,0
Crupet,5332,92006,Namen,0
Cuesmes,7033,53053,Henegouwen,0
Cugnon,6880,84009,Luxemburg,0
Cul-Des-Sarts,5660,93014,Namen,0
Custinne,5562,91072,Namen,0
Cérexhe-Heuseux,4632,62099,Luik,0
Céroux-Mousty,1341,25121,Waals-Brabant,0
Dadizele,8890,36012,West-Vlaanderen,0
Dailly,5660,93014,Namen,0
Daknam,9160,46014,Oost-Vlaanderen,0
Dalhem,4607,62027,Luik,1
Damme,8340,31006,West-Vlaanderen,1
Dampicourt,6767,85047,Luxemburg,0
Dampremy,6020,52011,Henegouwen,0
Darion,4253,64029,Luik,0
Daussois,5630,93010,Namen,0
Daussoulx,5020,92094,Namen,0
Dave,5100,92094,Namen,0
Daverdisse,6929,84016,Luxemburg,1
De Haan,8420,35029,West-Vlaanderen,1
De Klinge,9170,46020,Oost-Vlaanderen,0
De Moeren,8630,38025,West-Vlaanderen,0
De Panne,8660,38008,West-Vlaanderen,1
De Pinte,9840,44012,Oost-Vlaanderen,1
Deerlijk,8540,34009,West-Vlaanderen,1
Deftinge,9570,45063,Oost-Vlaanderen,0
Deinze,9800,44011,Oost-Vlaanderen,1
Denderbelle,9280,42011,Oost-Vlaanderen,0
Denderhoutem,9450,41024,Oost-Vlaanderen,0
Denderleeuw,9470,41011,Oost-Vlaanderen,1
Dendermonde,9200,42006,Oost-Vlaanderen,1
Denderwindeke,9400,41048,Oost-Vlaanderen,0
Dentergem,8720,37002,West-Vlaanderen,1
Denée,5537,91005,Namen,0
Dergneau,7912,51065,Henegouwen,0
Dessel,2480,13006,Antwerpen,1
Desselgem,8792,34040,West-Vlaanderen,0
Destelbergen,9070,44013,Oost-Vlaanderen,1
Desteldonk,9042,44014,Oost-Vlaanderen,0
Deurle,9831,44064,Oost-Vlaanderen,0
Deurne,2100,24020,Antwerpen,0
Deurne,3290,24020,Vlaams-Brabant,0
Deux-Acren,7864,55023,Henegouwen,0
Dhuy,5310,92035,Namen,0
Diegem,1831,23047,Vlaams-Brabant,0
Diepenbeek,3590,71011,Limburg,1
Diest,3290,24020,Vlaams-Brabant,1
Diets-Heur,3700,73083,Limburg,0
Dikkebus,8900,33011,West-Vlaanderen,0
Dikkele,9630,45065,Oost-Vlaanderen,0
Dikkelvenne,9890,44020,Oost-Vlaanderen,0
Diksmuide,8600,32003,West-Vlaanderen,1
Dilbeek,1700,23016,Vlaams-Brabant,1
Dilsen,3650,72041,Limburg,0
Dilsen-stokkem,3650,72041,Limburg,1
Dinant,5500,91034,Namen,1
Dion,5570,91013,Namen,0
Dion-Valmont,1325,25018,Waals-Brabant,0
Dison,4820,63020,Luik,1
Dochamps,6960,83055,Luxemburg,0
Doel,9130,46003,Oost-Vlaanderen,0
Dohan,6836,84010,Luxemburg,0
Doische,5680,93018,Namen,1
Dolembreux,4140,62100,Luik,0
Donceel,4357,64023,Luik,1
Dongelberg,1370,25048,Waals-Brabant,0
Donk,3540,71024,Limburg,0
Donstiennes,6536,56078,Henegouwen,0
Dorinne,5530,91141,Namen,0
Dormaal,3440,24130,Vlaams-Brabant,0
Dottenijs,7711,54007,Henegouwen,0
Dour,7370,53020,Henegouwen,1
Dourbes,5670,93090,Namen,0
Dranouter,8951,33039,West-Vlaanderen,0
Driekapellen,8600,32003,West-Vlaanderen,0
Drieslinter,3350,24133,Vlaams-Brabant,0
Drogenbos,1620,23098,Vlaams-Brabant,1
Drongen,9031,44021,Oost-Vlaanderen,0
Dréhance,5500,91034,Namen,0
Dudzele,8380,31005,West-Vlaanderen,0
Duffel,2570,12009,Antwerpen,1
Duisburg,3080,24104,Vlaams-Brabant,0
Duras,3803,71053,Limburg,0
Durbuy,6940,83012,Luxemburg,1
Durnal,5530,91141,Namen,0
Dworp,1653,23003,Vlaams-Brabant,0
Eben-Emael,4690,62011,Luik,0
Ebly,6860,84033,Luxemburg,0
Ecaussinnes-D'Enghien,7190,55050,Henegouwen,0
Ecaussinnes-Lalaing,7191,55050,Henegouwen,0
Edegem,2650,11013,Antwerpen,1
Edelare,9700,45035,Oost-Vlaanderen,0
Edingen,7850,55010,Henegouwen,1
Eeklo,9900,43005,Oost-Vlaanderen,1
Eernegem,8480,35006,West-Vlaanderen,0
Egem,8740,37011,West-Vlaanderen,0
Eggewaartskapelle,8630,38025,West-Vlaanderen,0
Eghezée,5310,92035,Namen,1
Ehein,4120,62121,Luik,0
Ehein,4480,62121,Luik,0
Eigenbilzen,3740,73006,Limburg,0
Eindhout,2430,13053,Antwerpen,0
Eine,9700,45035,Oost-Vlaanderen,0
Eisden,3630,73107,Limburg,0
Eke,9810,44048,Oost-Vlaanderen,0
Ekeren,2180,11002,Antwerpen,0
Eksaarde,9160,46014,Oost-Vlaanderen,0
Eksel,3941,72038,Limburg,0
Elen,3650,72041,Limburg,0
Elene,9620,41081,Oost-Vlaanderen,0
Elewijt,1982,23096,Vlaams-Brabant,0
Eliksem,3400,24059,Vlaams-Brabant,0
Elingen,1671,23064,Vlaams-Brabant,0
Ellemelle,4590,61048,Luik,0
Ellezelles,7890,51017,Henegouwen,1
Ellignies-Lez-Frasnes,7910,51065,Henegouwen,0
Ellignies-Saint-Anne,7972,51008,Henegouwen,0
Ellikom,3670,72040,Limburg,0
Elouges,7370,53020,Henegouwen,0
Elsegem,9790,45061,Oost-Vlaanderen,0
Elsenborn,4750,63013,Luik,0
Elsene,1050,21009,Brussel,1
Elst,9660,45059,Oost-Vlaanderen,0
Elverdinge,8906,33011,West-Vlaanderen,0
Elversele,9140,46025,Oost-Vlaanderen,0
Emblem,2520,11035,Antwerpen,0
Embourg,4053,62022,Luik,0
Emelgem,8870,36008,West-Vlaanderen,0
Emines,5080,92141,Namen,0
Emptinne,5363,91059,Namen,0
Ename,9700,45035,Oost-Vlaanderen,0
Engelmanshoven,3800,71053,Limburg,0
Engis,4480,61080,Luik,1
Enines,1350,25120,Waals-Brabant,0
Ensival,4800,63079,Luik,0
Epinois,7134,56011,Henegouwen,0
Eppegem,1980,23096,Vlaams-Brabant,0
Eprave,5580,91114,Namen,0
Erbaut,7050,53044,Henegouwen,0
Erbisoeul,7050,53044,Henegouwen,0
Ere,7500,57081,Henegouwen,0
Erembodegem,9320,41002,Oost-Vlaanderen,0
Erezée,6997,83013,Luxemburg,1
Ermeton-Sur-Biert,5644,92087,Namen,0
Ernage,5030,92142,Namen,0
Erneuville,6972,83049,Luxemburg,0
Ernonheid,4920,62009,Luik,0
Erondegem,9420,41082,Oost-Vlaanderen,0
Erpe,9420,41082,Oost-Vlaanderen,0
Erpent,5101,92094,Namen,0
Erpion,6441,56029,Henegouwen,0
Erps-Kwerps,3071,24055,Vlaams-Brabant,0
Erquelinnes,6560,56022,Henegouwen,1
Erquennes,7387,53083,Henegouwen,0
Ertvelde,9940,44019,Oost-Vlaanderen,0
Erwetegem,9620,41081,Oost-Vlaanderen,0
Escanaffles,7760,57018,Henegouwen,0
Esen,8600,32003,West-Vlaanderen,0
Esneux,4130,62032,Luik,1
Esplechin,7502,57081,Henegouwen,0
Esquelmes,7743,57062,Henegouwen,0
Essen,2910,11016,Antwerpen,1
Essene,1790,23105,Vlaams-Brabant,0
Estaimbourg,7730,57027,Henegouwen,0
Estaimpuis,7730,57027,Henegouwen,1
Estinnes-Au-Mont,7120,56085,Henegouwen,0
Estinnes-Au-Val,7120,56085,Henegouwen,0
Etalle,6740,85009,Luxemburg,1
Ethe,6760,85045,Luxemburg,0
Etikhove,9680,45064,Oost-Vlaanderen,0
Ettelgem,8460,35014,West-Vlaanderen,0
Etterbeek,1040,21005,Brussel,1
Eugies,7080,53028,Henegouwen,0
Eupen,4700,63023,Luik,1
Evegnée,4631,62099,Luik,0
Evelette,5350,92097,Namen,0
Everbeek,9660,45059,Oost-Vlaanderen,0
Everberg,3078,24055,Vlaams-Brabant,0
Evere,1140,21006,Brussel,1
Evergem,9940,44019,Oost-Vlaanderen,1
Evregnies,7730,57027,Henegouwen,0
Evrehailles,5530,91141,Namen,0
Eynatten,4731,63061,Luik,0
Ezemaal,3400,24059,Vlaams-Brabant,0
Fagnolle,5600,93056,Namen,0
Faimes,4317,64076,Luik,1
Falaen,5522,91103,Namen,0
Falisolle,5060,92137,Namen,0
Fallais,4260,64015,Luik,0
Falmagne,5500,91034,Namen,0
Falmignoul,5500,91034,Namen,0
Familleureux,7181,52063,Henegouwen,0
Farciennes,6240,52018,Henegouwen,1
Faulx-Les-Tombes,5340,92054,Namen,0
Fauroeulx,7120,56085,Henegouwen,0
Fauvillers,6637,82009,Luxemburg,1
Faymonville,4950,63080,Luik,0
Fays-Les-Veneurs,6856,84050,Luxemburg,0
Fayt-Le-Franc,7387,53083,Henegouwen,0
Fayt-Lez-Manage,7170,52043,Henegouwen,0
Felenne,5570,91013,Namen,0
Feluy,7181,52063,Henegouwen,0
Feneur,4607,62027,Luik,0
Ferrières,4190,61019,Luik,1
Feschaux,5570,91013,Namen,0
Fexhe-Slins,4458,62060,Luik,0
Fexhe-le-haut-clocher,4347,64025,Luik,1
Filot,4181,61024,Luik,0
Finnevaux,5560,91072,Namen,0
Fize-Fontaine,4530,61068,Luik,0
Fize-Le-Marsal,4367,64021,Luik,0
Flamierge,6686,82005,Luxemburg,0
Flavion,5620,93022,Namen,0
Flawinne,5020,92094,Namen,0
Fleurus,6220,52021,Henegouwen,1
Floreffe,5150,92045,Namen,1
Florennes,5620,93022,Namen,1
Florenville,6820,85011,Luxemburg,1
Floriffoux,5150,92045,Namen,0
Florée,5334,92006,Namen,0
Flostoy,5370,91064,Namen,0
Flémalle-Grande,4400,62120,Luik,0
Flémalle-Haute,4400,62120,Luik,0
Flénu,7012,53053,Henegouwen,0
Fléron,4620,62038,Luik,1
Flône,4540,61003,Luik,0
Focant,5572,91013,Namen,0
Folx-Les-Caves,1350,25120,Waals-Brabant,0
Fontaine-Valmont,6567,56049,Henegouwen,0
Fontaine-l'evêque,6140,52022,Henegouwen,1
Fontenelle,5650,93088,Namen,0
Fontenoille,6820,85011,Luxemburg,0
Fontenoy,7643,57003,Henegouwen,0
Fooz,4340,62006,Luik,0
Forchies-La-Marche,6141,52022,Henegouwen,0
Forest,7910,51065,Henegouwen,0
Forge-Philippe,6596,56051,Henegouwen,0
Forges,6464,56016,Henegouwen,0
Forrières,6953,83040,Luxemburg,0
Forville,5380,92138,Namen,0
Forêt,4870,62122,Luik,0
Fosse,4980,63086,Luik,0
Fosses-la-ville,5070,92048,Namen,1
Fouleng,7830,55039,Henegouwen,0
Fourbechies,6440,56029,Henegouwen,0
Foy-Notre-Dame,5504,91034,Namen,0
Fraipont,4870,62122,Luik,0
Fraire,5650,93088,Namen,0
Fraiture,4557,61081,Luik,0
Frameries,7080,53028,Henegouwen,1
Framont,6853,84050,Luxemburg,0
Franc-Waret,5380,92138,Namen,0
Franchimont,5600,93056,Namen,0
Francorchamps,4970,63073,Luik,0
Franière,5150,92045,Namen,0
Frasnes,5660,93014,Namen,0
Frasnes-Lez-Buissenal,7911,51065,Henegouwen,0
Frasnes-Lez-Gosselies,6210,52075,Henegouwen,0
Freloux,4347,64025,Luik,0
Freux,6800,84077,Luxemburg,0
Froidchapelle,6440,56029,Henegouwen,1
Froidfontaine,5576,91013,Namen,0
Froidmont,7504,57081,Henegouwen,0
Fronville,6990,83028,Luxemburg,0
Froyennes,7503,57081,Henegouwen,0
Fumal,4260,64015,Luik,0
Furfooz,5500,91034,Namen,0
Furnaux,5641,92087,Namen,0
Gaasbeek,1750,23104,Vlaams-Brabant,0
Gages,7943,51012,Henegouwen,0
Gallaix,7906,57094,Henegouwen,0
Galmaarden,1570,23023,Vlaams-Brabant,1
Ganshoren,1083,21008,Brussel,1
Gaurain-Ramecroix,7530,57081,Henegouwen,0
Gavere,9890,44020,Oost-Vlaanderen,1
Gedinne,5575,91054,Namen,1
Geel,2440,13008,Antwerpen,1
Geer,4250,64029,Luik,1
Geest-Gérompont-Petit-Rosière,1367,25122,Waals-Brabant,0
Geetbets,3450,24028,Vlaams-Brabant,1
Gelbressée,5024,92094,Namen,0
Gelinden,3800,71053,Limburg,0
Gellik,3620,73042,Limburg,0
Gelrode,3200,24001,Vlaams-Brabant,0
Geluveld,8980,33037,West-Vlaanderen,0
Geluwe,8940,33029,West-Vlaanderen,0
Gembes,6929,84016,Luxemburg,0
Gembloux,5030,92142,Namen,1
Gemmenich,4851,63088,Luik,0
Genappe,1470,25031,Waals-Brabant,1
Genk,3600,71016,Limburg,1
Genly,7040,53084,Henegouwen,0
Genoelselderen,3770,73066,Limburg,0
Gent,9000,44021,Oost-Vlaanderen,1
Gentbrugge,9050,44021,Oost-Vlaanderen,0
Gentinnes,1450,25117,Waals-Brabant,0
Genval,1332,25091,Waals-Brabant,0
Geraardsbergen,9500,41018,Oost-Vlaanderen,1
Gerdingen,3960,72004,Limburg,0
Gerin,5524,91103,Namen,0
Gerpinnes,6280,52025,Henegouwen,1
Gestel,2590,12002,Antwerpen,0
Gesves,5340,92054,Namen,1
Ghislenghien,7822,51004,Henegouwen,0
Ghlin,7011,53053,Henegouwen,0
Ghoy,7863,55023,Henegouwen,0
Gibecq,7823,51004,Henegouwen,0
Gierle,2275,13019,Antwerpen,0
Gijverinkhove,8691,38002,West-Vlaanderen,0
Gijzegem,9308,41002,Oost-Vlaanderen,0
Gijzelbrechtegem,8570,34002,West-Vlaanderen,0
Gijzenzele,9860,44052,Oost-Vlaanderen,0
Gilly,6060,52011,Henegouwen,0
Gimnée,5680,93018,Namen,0
Gingelom,3890,71017,Limburg,1
Gistel,8470,35005,West-Vlaanderen,1
Gits,8830,36006,West-Vlaanderen,0
Givry,7041,53084,Henegouwen,0
Glabais,1473,25031,Waals-Brabant,0
Glabbeek,3380,24137,Vlaams-Brabant,1
Glain,4000,62063,Luik,0
Gleixhe,4400,62120,Luik,0
Glimes,1315,25043,Waals-Brabant,0
Glons,4690,62011,Luik,0
Gochenée,5680,93018,Namen,0
Godarville,7160,52010,Henegouwen,0
Godinne,5530,91141,Namen,0
Godveerdegem,9620,41081,Oost-Vlaanderen,0
Goeferdinge,9500,41018,Oost-Vlaanderen,0
Goegnies-Chaussée,7040,53084,Henegouwen,0
Goesnes,5353,92097,Namen,0
Goetsenhoven,3300,24107,Vlaams-Brabant,0
Gomzé-Andoumont,4140,62100,Luik,0
Gondregnies,7830,55039,Henegouwen,0
Gonrieux,5660,93014,Namen,0
Gontrode,9090,44040,Oost-Vlaanderen,0
Gooik,1755,23024,Vlaams-Brabant,1
Gors-Opleeuw,3840,73009,Limburg,0
Gorsem,3803,71053,Limburg,0
Gosselies,6041,52011,Henegouwen,0
Gotem,3840,73009,Limburg,0
Gottem,9800,44011,Oost-Vlaanderen,0
Gottignies,7070,55035,Henegouwen,0
Gougnies,6280,52025,Henegouwen,0
Gourdinne,5651,93088,Namen,0
Goutroux,6030,52011,Henegouwen,0
Gouvy,6670,82037,Luxemburg,1
Gouy-Lez-Piéton,6181,52015,Henegouwen,0
Gozée,6534,56078,Henegouwen,0
Goé,4834,63046,Luik,0
Graide,5555,91015,Namen,0
Grammene,9800,44011,Oost-Vlaanderen,0
Grand-Axhe,4300,64074,Luik,0
Grand-Hallet,4280,64034,Luik,0
Grand-Halleux,6698,82032,Luxemburg,0
Grand-Leez,5031,92142,Namen,0
Grand-Manil,5030,92142,Namen,0
Grand-Rechain,4650,63035,Luik,0
Grand-Reng,6560,56022,Henegouwen,0
Grand-Rosière-Hottomont,1367,25122,Waals-Brabant,0
Grandglise,7973,51008,Henegouwen,0
Grandhan,6940,83012,Luxemburg,0
Grandmenil,6960,83055,Luxemburg,0
Grandmetz,7900,57094,Henegouwen,0
Grandrieu,6470,56088,Henegouwen,0
Grandville,4360,64056,Luik,0
Grandvoir,6840,84043,Luxemburg,0
Grapfontaine,6840,84043,Luxemburg,0
Graty,7830,55039,Henegouwen,0
Graux,5640,92087,Namen,0
Grazen,3450,24028,Vlaams-Brabant,0
Grembergen,9200,42006,Oost-Vlaanderen,0
Grez-doiceau,1390,25037,Waals-Brabant,1
Grimbergen,1850,23025,Vlaams-Brabant,1
Grimminge,9506,41018,Oost-Vlaanderen,0
Grivegnee,4030,62063,Luik,0
Grobbendonk,2280,13010,Antwerpen,1
Groot-Bijgaarden,1702,23016,Vlaams-Brabant,0
Groot-Gelmen,3800,71053,Limburg,0
Groot-Loon,3840,73009,Limburg,0
Gros-Fays,5555,85039,Namen,0
Grosage,7950,51014,Henegouwen,0
Grote-Brogel,3990,72030,Limburg,0
Grote-Spouwen,3740,73006,Limburg,0
Grotenberge,9620,41081,Oost-Vlaanderen,0
Gruitrode,3670,72040,Limburg,0
Grune,6952,83040,Luxemburg,0
Grupont,6927,84068,Luxemburg,0
Grâce-Berleur,4460,62118,Luik,0
Grâce-hollogne,4460,62118,Luik,1
Guignies,7620,57093,Henegouwen,0
Guigoven,3723,73040,Limburg,0
Guirsch,6704,81001,Luxemburg,0
Gullegem,8560,34041,West-Vlaanderen,0
Gutshoven,3870,73022,Limburg,0
Gérompont,1367,25122,Waals-Brabant,0
Gérouville,6769,85024,Luxemburg,0
Haacht,3150,24033,Vlaams-Brabant,1
Haaltert,9450,41024,Oost-Vlaanderen,1
Haasdonk,9120,46003,Oost-Vlaanderen,0
Haasrode,3053,24086,Vlaams-Brabant,0
Habay-La-Neuve,6720,85046,Luxemburg,0
Habay-La-Vieille,6723,85046,Luxemburg,0
Habergy,6782,81015,Luxemburg,0
Haccourt,4684,62079,Luik,0
Hachy,6720,85046,Luxemburg,0
Hacquegnies,7911,51065,Henegouwen,0
Haillot,5351,92097,Namen,0
Haine-Saint-Paul,7100,55022,Henegouwen,0
Haine-Saint-Pierre,7100,55022,Henegouwen,0
Hainin,7350,53039,Henegouwen,0
Hakendover,3300,24107,Vlaams-Brabant,0
Halanzy,6792,81004,Luxemburg,0
Halen,3545,71020,Limburg,1
Hallaar,2220,12014,Antwerpen,0
Halle,1500,23027,Vlaams-Brabant,1
Halle,2980,23027,Antwerpen,0
Halle-Booienhoven,3440,24130,Vlaams-Brabant,0
Halleux,6986,83031,Luxemburg,0
Halma,6922,84075,Luxemburg,0
Halmaal,3800,71053,Limburg,0
Haltinne,5340,92054,Namen,0
Ham-Sur-Sambre,5190,92140,Namen,0
Ham-sur-heure,6120,56086,Henegouwen,1
Hamipré,6840,84043,Luxemburg,0
Hamme,1785,42008,Vlaams-Brabant,0
Hamme,9220,42008,Oost-Vlaanderen,1
Hamme-Mille,1320,25005,Waals-Brabant,0
Hamoir,4180,61024,Luik,1
Hamois,5360,91059,Namen,1
Hamont,3930,72037,Limburg,0
Hampteau,6990,83028,Luxemburg,0
Han-Sur-Lesse,5580,91114,Namen,0
Handzame,8610,32011,West-Vlaanderen,0
Haneffe,4357,64023,Luik,0
Hannut,4280,64034,Luik,1
Hannêche,4210,61010,Luik,0
Hanret,5310,92035,Namen,0
Hansbeke,9850,44049,Oost-Vlaanderen,0
Hantes-Wihéries,6560,56022,Henegouwen,0
Hanzinelle,5621,93022,Namen,0
Hanzinne,5621,93022,Namen,0
Harchies,7321,51009,Henegouwen,0
Harelbeke,8530,34013,West-Vlaanderen,1
Haren,3700,73083,Limburg,0
Haren,3840,73009,Limburg,0
Haren,1130,21004,Brussel,0
Hargimont,6900,83034,Luxemburg,0
Harmignies,7022,53053,Henegouwen,0
Harnoncourt,6767,85047,Luxemburg,0
Harre,6960,83055,Luxemburg,0
Harsin,6950,83040,Luxemburg,0
Harveng,7022,53053,Henegouwen,0
Harzé,4920,62009,Luik,0
Hasselt,3500,71022,Limburg,1
Hastière-Lavaux,5540,91142,Namen,0
Hastière-Par-Delà,5541,91142,Namen,0
Hatrival,6870,84059,Luxemburg,0
Haulchin,7120,56085,Henegouwen,0
Hauset,4730,63061,Luik,0
Haut-Fays,6929,84016,Luxemburg,0
Haut-Ittre,1461,25044,Waals-Brabant,0
Haut-Le-Wastia,5537,91005,Namen,0
Hautrage,7334,53070,Henegouwen,0
Havay,7041,53084,Henegouwen,0
Havelange,5370,91064,Namen,1
Haversin,5590,91030,Namen,0
Havinnes,7531,57081,Henegouwen,0
Havre,7021,53053,Henegouwen,0
Hechtel,3940,72038,Limburg,0
Heer,5543,91142,Namen,0
Heers,3870,73022,Limburg,1
Hees,3740,73006,Limburg,0
Heestert,8551,34042,West-Vlaanderen,0
Heffen,2801,12025,Antwerpen,0
Heikruis,1670,23064,Vlaams-Brabant,0
Heindonk,2830,12040,Antwerpen,0
Heinsch,6700,81001,Luxemburg,0
Heist-Aan-Zee,8301,38016,West-Vlaanderen,0
Heist-op-den-berg,2220,12014,Antwerpen,1
Hekelgem,1790,23105,Vlaams-Brabant,0
Heks,3870,73022,Limburg,0
Helchteren,3530,72039,Limburg,0
Heldergem,9450,41024,Oost-Vlaanderen,0
Helen-Bos,3440,24130,Vlaams-Brabant,0
Helkijn,8587,34043,West-Vlaanderen,0
Hellebecq,7830,55039,Henegouwen,0
Hemelveerdegem,9571,45063,Oost-Vlaanderen,0
Hemiksem,2620,11018,Antwerpen,1
Hemptinne,5380,93022,Namen,0
Hemptinne-Lez-Florennes,5620,93022,Namen,0
Hendrieken,3840,73009,Limburg,0
Henis,3700,73083,Limburg,0
Hennuyères,7090,55004,Henegouwen,0
Henri-Chapelle,4841,63084,Luik,0
Henripont,7090,55004,Henegouwen,0
Hensies,7350,53039,Henegouwen,1
Heppen,3971,71034,Limburg,0
Heppenbach,4771,63001,Luik,0
Heppignies,6220,52021,Henegouwen,0
Herbeumont,6887,84029,Luxemburg,1
Herchies,7050,53044,Henegouwen,0
Herderen,3770,73066,Limburg,0
Herdersem,9310,41002,Oost-Vlaanderen,0
Herent,3020,24038,Vlaams-Brabant,1
Herentals,2200,13011,Antwerpen,1
Herenthout,2270,13012,Antwerpen,1
Herfelingen,1540,23032,Vlaams-Brabant,0
Hergenrath,4728,63040,Luik,0
Herk-de-stad,3540,71024,Limburg,1
Hermalle-Sous-Argenteau,4681,62079,Luik,0
Hermalle-Sous-Huy,4480,61080,Luik,0
Hermeton-Sur-Meuse,5540,91142,Namen,0
Hermée,4680,62079,Luik,0
Herne,1540,23032,Vlaams-Brabant,1
Herquegies,7911,51065,Henegouwen,0
Herseaux,7712,54007,Henegouwen,0
Herselt,2230,13013,Antwerpen,1
Herstal,4040,62051,Luik,1
Herstappe,3717,73028,Limburg,1
Hertain,7522,57081,Henegouwen,0
Herten,3831,73098,Limburg,0
Hertsberge,8020,31022,West-Vlaanderen,0
Herve,4650,63035,Luik,1
Herzele,9550,41027,Oost-Vlaanderen,1
Heule,8501,34022,West-Vlaanderen,0
Heure,5377,91120,Namen,0
Heure-Le-Romain,4682,62079,Luik,0
Heurne,9700,45035,Oost-Vlaanderen,0
Heusden,3550,71070,Limburg,0
Heusden,9070,71070,Oost-Vlaanderen,0
Heusden-zolder,3550,71070,Limburg,1
Heusy,4802,63079,Luik,0
Hever,3191,24014,Vlaams-Brabant,0
Heverlee,3001,24062,Vlaams-Brabant,0
Heyd,6941,83012,Luxemburg,0
Hillegem,9550,41027,Oost-Vlaanderen,0
Hingene,2880,12007,Antwerpen,0
Hingeon,5380,92138,Namen,0
Hives,6984,83031,Luxemburg,0
Hoboken,2660,11002,Antwerpen,0
Hodeige,4351,64063,Luik,0
Hodister,6987,83044,Luxemburg,0
Hody,4162,61079,Luik,0
Hoegaarden,3320,24041,Vlaams-Brabant,1
Hoeilaart,1560,23033,Vlaams-Brabant,1
Hoeke,8340,31006,West-Vlaanderen,0
Hoelbeek,3746,73006,Limburg,0
Hoeleden,3471,24054,Vlaams-Brabant,0
Hoepertingen,3840,73009,Limburg,0
Hoeselt,3730,73032,Limburg,1
Hoevenen,2940,11044,Antwerpen,0
Hofstade,1981,41002,Vlaams-Brabant,0
Hofstade,9308,41002,Oost-Vlaanderen,0
Hogne,5377,91120,Namen,0
Hognoul,4342,62006,Luik,0
Hollain,7620,57093,Henegouwen,0
Hollange,6637,82009,Luxemburg,0
Hollebeke,8902,33011,West-Vlaanderen,0
Hollogne-Aux-Pierres,4460,62118,Luik,0
Hollogne-Sur-Geer,4250,64029,Luik,0
Holsbeek,3220,24043,Vlaams-Brabant,1
Hombeek,2811,12025,Antwerpen,0
Hombourg,4852,63088,Luik,0
Hompré,6640,82036,Luxemburg,0
Hondelange,6780,81015,Luxemburg,0
Honnay,5570,91013,Namen,0
Hooglede,8830,36006,West-Vlaanderen,1
Hoogstade,8690,38002,West-Vlaanderen,0
Hoogstraten,2320,13014,Antwerpen,1
Horion-Hozémont,4460,62118,Luik,0
Hornu,7301,53014,Henegouwen,0
Horpmaal,3870,73022,Limburg,0
Horrues,7060,55040,Henegouwen,0
Hotton,6990,83028,Luxemburg,1
Houdemont,6724,85046,Luxemburg,0
Houdeng-Aimeries,7110,55022,Henegouwen,0
Houdeng-Goegnies,7110,55022,Henegouwen,0
Houdremont,5575,91054,Namen,0
Houffalize,6660,82014,Luxemburg,1
Hour,5563,91072,Namen,0
Housse,4671,62119,Luik,0
Houtain-Le-Val,1476,25031,Waals-Brabant,0
Houtain-Saint-Siméon,4682,62079,Luik,0
Houtaing,7812,51004,Henegouwen,0
Houtave,8377,31042,West-Vlaanderen,0
Houtem,8630,38025,West-Vlaanderen,0
Houthalen,3530,72039,Limburg,0
Houthem,7781,54010,Henegouwen,0
Houthulst,8650,32006,West-Vlaanderen,1
Houtvenne,2235,13016,Antwerpen,0
Houwaart,3390,24135,Vlaams-Brabant,0
Houx,5530,91141,Namen,0
Houyet,5560,91072,Namen,1
Hove,2540,11021,Antwerpen,1
Hoves,7830,55039,Henegouwen,0
Howardries,7624,57093,Henegouwen,0
Huccorgne,4520,61072,Luik,0
Huise,9750,45057,Oost-Vlaanderen,0
Huissignies,7950,51014,Henegouwen,0
Huizingen,1654,23003,Vlaams-Brabant,0
Huldenberg,3040,24045,Vlaams-Brabant,1
Hulshout,2235,13016,Antwerpen,1
Hulsonniaux,5560,91072,Namen,0
Hulste,8531,34013,West-Vlaanderen,0
Humain,6900,83034,Luxemburg,0
Humbeek,1851,23025,Vlaams-Brabant,0
Hundelgem,9630,45065,Oost-Vlaanderen,0
Huppaye,1367,25122,Waals-Brabant,0
Huy,4500,61031,Luik,1
Hyon,7022,53053,Henegouwen,0
Hérinnes-Lez-Pecq,7742,57062,Henegouwen,0
Héron,4217,61028,Luik,1
Hévillers,1435,25068,Waals-Brabant,0
Ichtegem,8480,35006,West-Vlaanderen,1
Iddergem,9472,41011,Oost-Vlaanderen,0
Idegem,9506,41018,Oost-Vlaanderen,0
Ieper,8900,33011,West-Vlaanderen,1
Impe,9340,41034,Oost-Vlaanderen,0
Incourt,1315,25043,Waals-Brabant,1
Ingelmunster,8770,36007,West-Vlaanderen,1
Ingooigem,8570,34002,West-Vlaanderen,0
Irchonwelz,7801,51004,Henegouwen,0
Isières,7822,51004,Henegouwen,0
Isnes,5032,92142,Namen,0
Itegem,2222,12014,Antwerpen,0
Itterbeek,1701,23016,Vlaams-Brabant,0
Ittre,1460,25044,Waals-Brabant,1
Ivoz-Ramet,4400,62120,Luik,0
Izegem,8870,36008,West-Vlaanderen,1
Izel,6810,85007,Luxemburg,0
Izenberge,8691,38002,West-Vlaanderen,0
Izier,6941,83012,Luxemburg,0
Jabbeke,8490,31012,West-Vlaanderen,1
Jalhay,4845,63038,Luik,1
Jallet,5354,92097,Namen,0
Jamagne,5600,93056,Namen,0
Jambes,5100,92094,Namen,0
Jamiolle,5600,93056,Namen,0
Jamioulx,6120,56086,Henegouwen,0
Jamoigne,6810,85007,Luxemburg,0
Jandrain-Jandrenouille,1350,25120,Waals-Brabant,0
Jauche,1350,25120,Waals-Brabant,0
Jauchelette,1370,25048,Waals-Brabant,0
Javingue,5570,91013,Namen,0
Jehay,4540,61003,Luik,0
Jehonville,6880,84009,Luxemburg,0
Jemappes,7012,53053,Henegouwen,0
Jemelle,5580,91114,Namen,0
Jemeppe-Sur-Meuse,4101,62096,Luik,0
Jemeppe-sur-sambre,5190,92140,Namen,1
Jeneffe,4357,91064,Luik,0
Jeneffe,5370,91064,Namen,0
Jesseren,3840,73009,Limburg,0
Jette,1090,21010,Brussel,1
Jeuk,3890,71017,Limburg,0
Jodoigne,1370,25048,Waals-Brabant,1
Jodoigne-Souveraine,1370,25048,Waals-Brabant,0
Jollain-Merlin,7620,57093,Henegouwen,0
Joncret,6280,52025,Henegouwen,0
Julémont,4650,63035,Luik,0
Jumet,6040,52011,Henegouwen,0
Jupille-Sur-Meuse,4020,62063,Luik,0
Juprelle,4450,62060,Luik,1
Jurbise,7050,53044,Henegouwen,1
Juseret,6642,82036,Luxemburg,0
Kaaskerke,8600,32003,West-Vlaanderen,0
Kachtem,8870,36008,West-Vlaanderen,0
Kaggevinne,3293,24020,Vlaams-Brabant,0
Kain,7540,57081,Henegouwen,0
Kalken,9270,42010,Oost-Vlaanderen,0
Kallo,9120,46003,Oost-Vlaanderen,0
Kallo,9130,46003,Oost-Vlaanderen,0
Kalmthout,2920,11022,Antwerpen,1
Kampenhout,1910,23038,Vlaams-Brabant,1
Kanegem,8700,37015,West-Vlaanderen,0
Kanne,3770,73066,Limburg,0
Kapelle-op-den-bos,1880,23039,Vlaams-Brabant,1
Kapellen,2950,24137,Antwerpen,1
Kapellen,3381,24137,Vlaams-Brabant,0
Kaprijke,9970,43007,Oost-Vlaanderen,1
Kaster,8572,34002,West-Vlaanderen,0
Kasterlee,2460,13017,Antwerpen,1
Kaulille,3950,72003,Limburg,0
Keerbergen,3140,24048,Vlaams-Brabant,1
Keiem,8600,32003,West-Vlaanderen,0
Kemexhe,4367,64021,Luik,0
Kemmel,8956,33039,West-Vlaanderen,0
Kemzeke,9190,46024,Oost-Vlaanderen,0
Kerkhove,8581,34003,West-Vlaanderen,0
Kerkom,3370,24016,Vlaams-Brabant,0
Kerkom-Bij-Sint-Truiden,3800,71053,Limburg,0
Kerksken,9451,41024,Oost-Vlaanderen,0
Kermt,3510,71022,Limburg,0
Kerniel,3840,73009,Limburg,0
Kersbeek-Miskom,3472,24054,Vlaams-Brabant,0
Kessel,2560,12026,Antwerpen,0
Kessel-Lo,3010,24062,Vlaams-Brabant,0
Kessenich,3640,72018,Limburg,0
Kester,1755,23024,Vlaams-Brabant,0
Kettenis,4701,63023,Luik,0
Keumiée,5060,92137,Namen,0
Kieldrecht,9130,46003,Oost-Vlaanderen,0
Kinrooi,3640,72018,Limburg,1
Klein-Gelmen,3870,73022,Limburg,0
Kleine-Brogel,3990,72030,Limburg,0
Kleine-Spouwen,3740,73006,Limburg,0
Klemskerke,8420,35029,West-Vlaanderen,0
Klerken,8650,32006,West-Vlaanderen,0
Kluizen,9940,44019,Oost-Vlaanderen,0
Knesselare,9910,44029,Oost-Vlaanderen,1
Knokke,8300,31043,West-Vlaanderen,0
Kobbegem,1730,23002,Vlaams-Brabant,0
Koekelare,8680,32010,West-Vlaanderen,1
Koekelberg,1081,21011,Brussel,1
Koersel,3582,71004,Limburg,0
Koksijde,8670,38014,West-Vlaanderen,1
Kolmont,3700,73083,Limburg,0
Kolmont,3840,73009,Limburg,0
Komen,7780,54010,Henegouwen,0
Komen-waasten,7780,54010,Henegouwen,1
Koningshooikt,2500,12021,Antwerpen,0
Koninksem,3700,73083,Limburg,0
Kontich,2550,11024,Antwerpen,1
Kooigem,8510,34022,West-Vlaanderen,0
Koolkerke,8000,31005,West-Vlaanderen,0
Koolskamp,8851,37020,West-Vlaanderen,0
Korbeek-Dijle,3060,24009,Vlaams-Brabant,0
Korbeek-Lo,3360,24011,Vlaams-Brabant,0
Kortemark,8610,32011,West-Vlaanderen,1
Kortenaken,3470,24054,Vlaams-Brabant,1
Kortenberg,3070,24055,Vlaams-Brabant,1
Kortessem,3720,73040,Limburg,1
Kortijs,3890,71017,Limburg,0
Kortrijk,8500,34022,West-Vlaanderen,1
Kortrijk-Dutsel,3220,24043,Vlaams-Brabant,0
Kozen,3850,71045,Limburg,0
Kraainem,1950,23099,Vlaams-Brabant,1
Krombeke,8972,33021,West-Vlaanderen,0
Kruibeke,9150,46013,Oost-Vlaanderen,1
Kruishoutem,9770,45017,Oost-Vlaanderen,1
Kumtich,3300,24107,Vlaams-Brabant,0
Kuringen,3511,71022,Limburg,0
Kuttekoven,3840,73009,Limburg,0
Kuurne,8520,34023,West-Vlaanderen,1
Kwaadmechelen,3945,71069,Limburg,0
Kwaremont,9690,45060,Oost-Vlaanderen,0
L'Ecluse,1320,25005,Waals-Brabant,0
L'Escaillère,6464,56016,Henegouwen,0
La Bouverie,7080,53028,Henegouwen,0
La Calamine,4720,63040,Luik,1
La Glanerie,7611,57072,Henegouwen,0
La Gleize,4987,63075,Luik,0
La Hestre,7170,52043,Henegouwen,0
La Hulpe,1310,25050,Waals-Brabant,1
La Louvière,7100,55022,Henegouwen,1
La Reid,4910,63076,Luik,0
La Roche-en-ardenne,6980,83031,Luxemburg,1
Laar,3400,24059,Vlaams-Brabant,0
Laarne,9270,42010,Oost-Vlaanderen,1
Labuissière,6567,56049,Henegouwen,0
Lacuisine,6821,85011,Luxemburg,0
Ladeuze,7950,51014,Henegouwen,0
Laforet,5550,91143,Namen,0
Lahamaide,7890,51017,Henegouwen,0
Laken,1020,21004,Brussel,0
Lamain,7522,57081,Henegouwen,0
Lambermont,4800,63079,Luik,0
Lambusart,6220,52021,Henegouwen,0
Lamine,4350,64063,Luik,0
Lamontzée,4210,61010,Luik,0
Lamorteau,6767,85047,Luxemburg,0
Lampernisse,8600,32003,West-Vlaanderen,0
Lanaken,3620,73042,Limburg,1
Lanaye,4600,62108,Luik,0
Landegem,9850,44049,Oost-Vlaanderen,0
Landelies,6111,52048,Henegouwen,0
Landen,3400,24059,Vlaams-Brabant,1
Landenne,5300,92003,Namen,0
Landskouter,9860,44052,Oost-Vlaanderen,0
Laneffe,5651,93088,Namen,0
Langdorp,3201,24001,Vlaams-Brabant,0
Langemark,8920,33040,West-Vlaanderen,0
Lanklaar,3650,72041,Limburg,0
Lanquesaint,7800,51004,Henegouwen,0
Lantin,4450,62060,Luik,0
Lantremange,4300,64074,Luik,0
Laplaigne,7622,57093,Henegouwen,0
Lapscheure,8340,31006,West-Vlaanderen,0
Lasne-Chapelle-Saint-Lambert,1380,25119,Waals-Brabant,0
Lathuy,1370,25048,Waals-Brabant,0
Latinne,4261,64015,Luik,0
Latour,6761,85045,Luxemburg,0
Lauw,3700,73083,Limburg,0
Lauwe,8930,34027,West-Vlaanderen,0
Lavacherie,6681,82038,Luxemburg,0
Lavaux-Saint-Anne,5580,91114,Namen,0
Lavoir,4217,61028,Luik,0
Le Mesnil,5670,93090,Namen,0
Le Roeulx,7070,55035,Henegouwen,1
Le Roux,5070,92048,Namen,0
Lebbeke,9280,42011,Oost-Vlaanderen,1
Lede,9340,41034,Oost-Vlaanderen,1
Ledeberg,9050,44021,Oost-Vlaanderen,0
Ledegem,8880,36010,West-Vlaanderen,1
Leefdaal,3061,24009,Vlaams-Brabant,0
Leerbeek,1755,23024,Vlaams-Brabant,0
Leernes,6142,52022,Henegouwen,0
Leers-Et-Fosteau,6530,56078,Henegouwen,0
Leers-Nord,7730,57027,Henegouwen,0
Leest,2811,12025,Antwerpen,0
Leeuwergem,9620,41081,Oost-Vlaanderen,0
Leffinge,8432,35011,West-Vlaanderen,0
Leignon,5590,91030,Namen,0
Leisele,8691,38002,West-Vlaanderen,0
Leke,8600,32003,West-Vlaanderen,0
Lembeek,1502,23027,Vlaams-Brabant,0
Lembeke,9971,43007,Oost-Vlaanderen,0
Lemberge,9820,44043,Oost-Vlaanderen,0
Lendelede,8860,34025,West-Vlaanderen,1
Lens,7870,53046,Henegouwen,1
Lens-Saint-Remy,4280,64034,Luik,0
Lens-Saint-Servais,4250,64029,Luik,0
Lens-Sur-Geer,4360,64056,Luik,0
Leopoldsburg,3970,71034,Limburg,1
Les Avins,4560,61012,Luik,0
Les Bulles,6811,85007,Luxemburg,0
Les Hayons,6830,84010,Luxemburg,0
Les Waleffes,4317,64076,Luik,0
Lesdain,7621,57093,Henegouwen,0
Lessines,7860,55023,Henegouwen,1
Lessive,5580,91114,Namen,0
Lesterny,6953,83040,Luxemburg,0
Lesve,5170,92101,Namen,0
Lettelingen,7850,55010,Henegouwen,0
Letterhoutem,9521,41063,Oost-Vlaanderen,0
Leugnies,6500,56005,Henegouwen,0
Leupegem,9700,45035,Oost-Vlaanderen,0
Leut,3630,73107,Limburg,0
Leuven,3000,24062,Vlaams-Brabant,1
Leuze,5310,92035,Namen,0
Leuze-en-hainaut,7900,57094,Henegouwen,1
Leval-Chaudeville,6500,56005,Henegouwen,0
Leval-Trahegnies,7134,56011,Henegouwen,0
Liberchies,6238,52055,Henegouwen,0
Libin,6890,84035,Luxemburg,1
Libramont-chevigny,6800,84077,Luxemburg,1
Lichtaart,2460,13017,Antwerpen,0
Lichtervelde,8810,36011,West-Vlaanderen,1
Liedekerke,1770,23044,Vlaams-Brabant,1
Lieferinge,9400,41048,Oost-Vlaanderen,0
Lier,2500,12021,Antwerpen,1
Lierneux,4990,63045,Luik,1
Liernu,5310,92035,Namen,0
Liers,4042,62051,Luik,0
Liezele,2870,12030,Antwerpen,0
Ligne,7812,51004,Henegouwen,0
Ligney,4254,64029,Luik,0
Ligny,5140,92114,Namen,0
Lille,2275,13019,Antwerpen,1
Lillo,2040,11002,Antwerpen,0
Lillois-Witterzée,1428,25014,Waals-Brabant,0
Limal,1300,25112,Waals-Brabant,0
Limbourg,4830,63046,Luik,1
Limelette,1342,25121,Waals-Brabant,0
Limerlé,6670,82037,Luxemburg,0
Limont,4357,64023,Luik,0
Lincent,4287,64047,Luik,1
Linden,3210,24066,Vlaams-Brabant,0
Linkebeek,1630,23100,Vlaams-Brabant,1
Linkhout,3560,71037,Limburg,0
Linsmeau,1357,25118,Waals-Brabant,0
Lint,2547,11025,Antwerpen,1
Linter,3350,24133,Vlaams-Brabant,1
Lippelo,2890,12034,Antwerpen,0
Lisogne,5501,91034,Namen,0
Lissewege,8380,31005,West-Vlaanderen,0
Lives-Sur-Meuse,5101,92094,Namen,0
Lixhe,4600,62108,Luik,0
Liège,4020,62063,Luik,1
Liège,4000,62063,Luik,1
Lo,8647,32030,West-Vlaanderen,0
Lobbes,6540,56044,Henegouwen,1
Lochristi,9080,44034,Oost-Vlaanderen,1
Lodelinsart,6042,52011,Henegouwen,0
Loenhout,2990,11053,Antwerpen,0
Loker,8958,33039,West-Vlaanderen,0
Lokeren,9160,46014,Oost-Vlaanderen,1
Loksbergen,3545,71020,Limburg,0
Lombardsijde,8434,35011,West-Vlaanderen,0
Lombise,7870,53046,Henegouwen,0
Lommel,3920,72020,Limburg,1
Lommersweiler,4783,63067,Luik,0
Lompret,6463,56016,Henegouwen,0
Lomprez,6924,84075,Luxemburg,0
Loncin,4431,62003,Luik,0
Londerzeel,1840,23045,Vlaams-Brabant,1
Longchamps,5310,82005,Namen,0
Longchamps,6688,82005,Luxemburg,0
Longlier,6840,84043,Luxemburg,0
Longueville,1325,25018,Waals-Brabant,0
Longvilly,6600,82003,Luxemburg,0
Lontzen,4710,63048,Luik,1
Lonzée,5030,92142,Namen,0
Loonbeek,3040,24045,Vlaams-Brabant,0
Loppem,8210,31040,West-Vlaanderen,0
Lorcé,4987,63075,Luik,0
Lot,1651,23003,Vlaams-Brabant,0
Lotenhulle,9880,44001,Oost-Vlaanderen,0
Louette-Saint-Denis,5575,91054,Namen,0
Louette-Saint-Pierre,5575,91054,Namen,0
Loupoigne,1471,25031,Waals-Brabant,0
Louvain-La-Neuve,1348,25121,Waals-Brabant,0
Louveigné,4920,62009,Luik,0
Louveigné,4141,62100,Luik,0
Lovendegem,9920,44036,Oost-Vlaanderen,1
Lovenjoel,3360,24011,Vlaams-Brabant,0
Loverval,6280,52025,Henegouwen,0
Loyers,5101,92094,Namen,0
Lubbeek,3210,24066,Vlaams-Brabant,1
Luingne,7700,54007,Henegouwen,0
Lummen,3560,71037,Limburg,1
Lustin,5170,92101,Namen,0
Luttre,6238,52055,Henegouwen,0
Léglise,6860,84033,Luxemburg,1
Maarke-Kerkem,9680,45064,Oost-Vlaanderen,0
Maaseik,3680,72021,Limburg,1
Maasmechelen,3630,73107,Limburg,1
Mabompré,6663,82014,Luxemburg,0
Machelen,1830,44081,Vlaams-Brabant,1
Machelen,9870,44081,Oost-Vlaanderen,0
Macon,6591,56051,Henegouwen,0
Macquenoise,6593,56051,Henegouwen,0
Maffe,5374,91064,Namen,0
Maffle,7810,51004,Henegouwen,0
Magnée,4623,62038,Luik,0
Maillen,5330,92006,Namen,0
Mainvault,7812,51004,Henegouwen,0
Maisières,7020,53053,Henegouwen,0
Maissin,6852,84050,Luxemburg,0
Maizeret,5300,92003,Namen,0
Mal,3700,73083,Limburg,0
Maldegem,9990,43010,Oost-Vlaanderen,1
Malderen,1840,23045,Vlaams-Brabant,0
Malempré,6960,83055,Luxemburg,0
Malle,2390,11057,Antwerpen,1
Malmedy,4960,63049,Luik,1
Malonne,5020,92094,Namen,0
Malvoisin,5575,91054,Namen,0
Malèves-Sainte-Marie-Wastines,1360,25084,Waals-Brabant,0
Manage,7170,52043,Henegouwen,1
Manderfeld,4760,63012,Luik,0
Mannekensvere,8433,35011,West-Vlaanderen,0
Maransart,1380,25119,Waals-Brabant,0
Marbais,1495,25107,Waals-Brabant,0
Marbaix,6120,56086,Henegouwen,0
Marche-Les-Dames,5024,92094,Namen,0
Marche-Lez-Ecaussinnes,7190,55050,Henegouwen,0
Marche-en-famenne,6900,83034,Luxemburg,1
Marchienne-Au-Pont,6030,52011,Henegouwen,0
Marchin,4570,61039,Luik,1
Marchipont,7387,53083,Henegouwen,0
Marchovelette,5380,92138,Namen,0
Marcinelle,6001,52011,Henegouwen,0
Marcourt,6987,83044,Luxemburg,0
Marenne,6990,83028,Luxemburg,0
Mariakerke,9030,44021,Oost-Vlaanderen,0
Mariekerke,2880,12007,Antwerpen,0
Mariembourg,5660,93014,Namen,0
Marilles,1350,25120,Waals-Brabant,0
Mark,7850,55010,Henegouwen,0
Marke,8510,34022,West-Vlaanderen,0
Markegem,8720,37002,West-Vlaanderen,0
Marneffe,4210,61010,Luik,0
Marquain,7522,57081,Henegouwen,0
Martelange,6630,81013,Luxemburg,1
Martenslinde,3742,73006,Limburg,0
Martouzin-Neuville,5573,91013,Namen,0
Masbourg,6953,83040,Luxemburg,0
Masnuy-Saint-Jean,7050,53044,Henegouwen,0
Masnuy-Saint-Pierre,7050,53044,Henegouwen,0
Massemen,9230,42025,Oost-Vlaanderen,0
Massenhoven,2240,11054,Antwerpen,0
Matagne-La-Grande,5680,93018,Namen,0
Matagne-La-Petite,5680,93018,Namen,0
Mater,9700,45035,Oost-Vlaanderen,0
Maubray,7640,57003,Henegouwen,0
Maulde,7534,57081,Henegouwen,0
Maurage,7110,55022,Henegouwen,0
Mazenzele,1745,23060,Vlaams-Brabant,0
Mazy,5032,92142,Namen,0
Mazée,5670,93090,Namen,0
Mechelen,2800,12025,Antwerpen,1
Mechelen-Aan-De-Maas,3630,73107,Limburg,0
Mechelen-Bovelingen,3870,73022,Limburg,0
Meeffe,4219,64075,Luik,0
Meensel-Kiezegem,3391,24135,Vlaams-Brabant,0
Meer,2321,13014,Antwerpen,0
Meerbeek,3078,24055,Vlaams-Brabant,0
Meerbeke,9402,41048,Oost-Vlaanderen,0
Meerdonk,9170,46020,Oost-Vlaanderen,0
Meerhout,2450,13021,Antwerpen,1
Meerle,2328,13014,Antwerpen,0
Meeswijk,3630,73107,Limburg,0
Meetkerke,8377,31042,West-Vlaanderen,0
Meeuwen,3670,72040,Limburg,0
Mehaigne,5310,92035,Namen,0
Meigem,9800,44011,Oost-Vlaanderen,0
Meilegem,9630,45065,Oost-Vlaanderen,0
Meise,1860,23050,Vlaams-Brabant,1
Meix-Le-Tige,6747,85034,Luxemburg,0
Meix-devant-virton,6769,85024,Luxemburg,1
Melden,9700,45035,Oost-Vlaanderen,0
Meldert,3320,71037,Vlaams-Brabant,0
Meldert,3560,71037,Limburg,0
Meldert,9310,71037,Oost-Vlaanderen,0
Melen,4633,62099,Luik,0
Melkwezer,3350,24133,Vlaams-Brabant,0
Melle,9090,44040,Oost-Vlaanderen,1
Mellery,1495,25107,Waals-Brabant,0
Melles,7540,57081,Henegouwen,0
Mellet,6211,52075,Henegouwen,0
Mellier,6860,84033,Luxemburg,0
Melsbroek,1820,23081,Vlaams-Brabant,0
Melsele,9120,46003,Oost-Vlaanderen,0
Melsen,9820,44043,Oost-Vlaanderen,0
Membach,4837,63004,Luik,0
Membre,5550,91143,Namen,0
Membruggen,3770,73066,Limburg,0
Mendonk,9042,44014,Oost-Vlaanderen,0
Menen,8930,34027,West-Vlaanderen,1
Merbes-Sainte-Marie,6567,56049,Henegouwen,0
Merbes-le-château,6567,56049,Henegouwen,1
Merchtem,1785,23052,Vlaams-Brabant,1
Merdorp,4280,64034,Luik,0
Mere,9420,41082,Oost-Vlaanderen,0
Merelbeke,9820,44043,Oost-Vlaanderen,1
Merendree,9850,44049,Oost-Vlaanderen,0
Merkem,8650,32006,West-Vlaanderen,0
Merksem,2170,11002,Antwerpen,0
Merksplas,2330,13023,Antwerpen,1
Merlemont,5600,93056,Namen,0
Mesen,8957,33016,West-Vlaanderen,1
Meslin-L'Evêque,7822,51004,Henegouwen,0
Mesnil-Eglise,5560,91072,Namen,0
Mesnil-Saint-Blaise,5560,91072,Namen,0
Mespelare,9200,42006,Oost-Vlaanderen,0
Messancy,6780,81015,Luxemburg,1
Messelbroek,3272,24134,Vlaams-Brabant,0
Mesvin,7022,53053,Henegouwen,0
Mettekoven,3870,73022,Limburg,0
Mettet,5640,92087,Namen,1
Meulebeke,8760,37007,West-Vlaanderen,1
Meux,5081,92141,Namen,0
Meyerode,4770,63001,Luik,0
Michelbeke,9660,45059,Oost-Vlaanderen,0
Micheroux,4630,62099,Luik,0
Middelburg,9992,43010,Oost-Vlaanderen,0
Middelkerke,8430,35011,West-Vlaanderen,1
Mielen-Boven-Aalst,3891,71017,Limburg,0
Mignault,7070,55035,Henegouwen,0
Millen,3770,73066,Limburg,0
Milmort,4041,62051,Luik,0
Minderhout,2322,13014,Antwerpen,0
Mirwart,6870,84059,Luxemburg,0
Miécret,5376,91064,Namen,0
Modave,4577,61041,Luik,1
Moelingen,3790,73109,Limburg,0
Moen,8552,34042,West-Vlaanderen,0
Moerbeke,9500,44045,Oost-Vlaanderen,0
Moerbeke-waas,9180,44045,Oost-Vlaanderen,1
Moere,8470,35005,West-Vlaanderen,0
Moerkerke,8340,31006,West-Vlaanderen,0
Moerzeke,9220,42008,Oost-Vlaanderen,0
Moeskroen,7700,54007,Henegouwen,1
Moha,4520,61072,Luik,0
Mohiville,5361,91059,Namen,0
Moignelée,5060,92137,Namen,0
Moircy,6800,84077,Luxemburg,0
Mol,2400,13025,Antwerpen,1
Molenbaix,7760,57018,Henegouwen,0
Molenbeek-Wersbeek,3461,24008,Vlaams-Brabant,0
Molenbeersel,3640,72018,Limburg,0
Molenstede,3294,24020,Vlaams-Brabant,0
Mollem,1730,23002,Vlaams-Brabant,0
Momalle,4350,64063,Luik,0
Momignies,6590,56051,Henegouwen,1
Monceau-En-Ardenne,5555,91015,Namen,0
Monceau-Imbrechies,6592,56051,Henegouwen,0
Monceau-Sur-Sambre,6031,52011,Henegouwen,0
Mons,7000,53053,Henegouwen,1
Mons-Lez-Liège,4400,62120,Luik,0
Monstreux,1400,25072,Waals-Brabant,0
Mont,5530,82014,Namen,0
Mont,6661,82014,Luxemburg,0
Mont-Gauthier,5580,91114,Namen,0
Mont-Saint-André,1367,25122,Waals-Brabant,0
Mont-Saint-Aubert,7542,57081,Henegouwen,0
Mont-Sainte-Aldegonde,7141,56087,Henegouwen,0
Mont-Sainte-Geneviève,6540,56044,Henegouwen,0
Mont-Sur-Marchienne,6032,52011,Henegouwen,0
Mont-saint-guibert,1435,25068,Waals-Brabant,1
Montbliart,6470,56088,Henegouwen,0
Montegnée,4420,62093,Luik,0
Montenaken,3890,71017,Limburg,0
Montignies-Lez-Lens,7870,53046,Henegouwen,0
Montignies-Saint-Christophe,6560,56022,Henegouwen,0
Montignies-Sur-Roc,7387,53083,Henegouwen,0
Montignies-Sur-Sambre,6061,52011,Henegouwen,0
Montigny-le-tilleul,6110,52048,Henegouwen,1
Montleban,6674,82037,Luxemburg,0
Montroeul-Au-Bois,7911,51065,Henegouwen,0
Montroeul-Sur-Haine,7350,53039,Henegouwen,0
Montzen,4850,63088,Luik,0
Moorsel,9310,41002,Oost-Vlaanderen,0
Moorsele,8560,34041,West-Vlaanderen,0
Moorslede,8890,36012,West-Vlaanderen,1
Moortsele,9860,44052,Oost-Vlaanderen,0
Mopertingen,3740,73006,Limburg,0
Moregem,9790,45061,Oost-Vlaanderen,0
Moresnet,4850,63088,Luik,0
Morhet,6640,82036,Luxemburg,0
Morialmé,5621,93022,Namen,0
Morkhoven,2200,13011,Antwerpen,0
Morlanwelz-Mariemont,7140,56087,Henegouwen,0
Mormont,6997,83013,Luxemburg,0
Mornimont,5190,92140,Namen,0
Mortier,4670,62119,Luik,0
Mortroux,4607,62027,Luik,0
Mortsel,2640,11029,Antwerpen,1
Morville,5620,93022,Namen,0
Moulbaix,7812,51004,Henegouwen,0
Mourcourt,7543,57081,Henegouwen,0
Moustier,7911,92140,Henegouwen,0
Moustier-Sur-Sambre,5190,92140,Namen,0
Mouzaive,5550,91143,Namen,0
Moxhe,4280,64034,Luik,0
Mozet,5340,92054,Namen,0
Muizen,2812,71017,Antwerpen,0
Muizen,3891,71017,Limburg,0
Mullem,9700,45035,Oost-Vlaanderen,0
Munkzwalm,9630,45065,Oost-Vlaanderen,0
Muno,6820,85011,Luxemburg,0
Munsterbilzen,3740,73006,Limburg,0
Munte,9820,44043,Oost-Vlaanderen,0
Musson,6750,85026,Luxemburg,1
Mussy-La-Ville,6750,85026,Luxemburg,0
My,4190,61019,Luik,0
Méan,5372,91064,Namen,0
Mélin,1370,25048,Waals-Brabant,0
Mévergnies-Lez-Lens,7942,51012,Henegouwen,0
Naast,7062,55040,Henegouwen,0
Nadrin,6660,82014,Luxemburg,0
Nafraiture,5550,91143,Namen,0
Nalinnes,6120,56086,Henegouwen,0
Namur,5000,92094,Namen,1
Namêche,5300,92003,Namen,0
Nandrin,4550,61043,Luik,1
Naninne,5100,92094,Namen,0
Naomé,5555,85039,Namen,0
Nassogne,6950,83040,Luxemburg,1
Natoye,5360,91059,Namen,0
Nazareth,9810,44048,Oost-Vlaanderen,1
Neder-Over-Heembeek,1120,21004,Brussel,0
Nederboelare,9500,41018,Oost-Vlaanderen,0
Nederbrakel,9660,45059,Oost-Vlaanderen,0
Nederename,9700,45035,Oost-Vlaanderen,0
Nederhasselt,9400,41048,Oost-Vlaanderen,0
Nederokkerzeel,1910,23038,Vlaams-Brabant,0
Nederzwalm-Hermelgem,9636,45065,Oost-Vlaanderen,0
Neerglabbeek,3670,72040,Limburg,0
Neerharen,3620,73042,Limburg,0
Neerhespen,3350,24133,Vlaams-Brabant,0
Neerheylissem,1357,25118,Waals-Brabant,0
Neerijse,3040,24045,Vlaams-Brabant,0
Neerlanden,3404,24059,Vlaams-Brabant,0
Neerlinter,3350,24133,Vlaams-Brabant,0
Neeroeteren,3680,72021,Limburg,0
Neerpelt,3910,72025,Limburg,1
Neerrepen,3700,73083,Limburg,0
Neervelp,3370,24016,Vlaams-Brabant,0
Neerwaasten,7784,54010,Henegouwen,0
Neerwinden,3400,24059,Vlaams-Brabant,0
Neigem,9403,41048,Oost-Vlaanderen,0
Nerem,3700,73083,Limburg,0
Nessonvaux,4870,62122,Luik,0
Nethen,1390,25037,Waals-Brabant,0
Nettinne,5377,91120,Namen,0
Neu-Moresnet,4721,63040,Luik,0
Neufchâteau,4608,62027,Luik,0
Neufchâteau,6840,84043,Luxemburg,1
Neufmaison,7332,53070,Henegouwen,0
Neufvilles,7063,55040,Henegouwen,0
Neuville,5600,93056,Namen,0
Neuville-En-Condroz,4121,62121,Luik,0
Nevele,9850,44049,Oost-Vlaanderen,1
Niel,2845,11030,Antwerpen,1
Niel-Bij-As,3668,71002,Limburg,0
Niel-Bij-Sint-Truiden,3890,71017,Limburg,0
Nieuwenhove,9506,41018,Oost-Vlaanderen,0
Nieuwenrode,1880,23039,Vlaams-Brabant,0
Nieuwerkerken,3850,71045,Limburg,1
Nieuwerkerken,9320,71045,Oost-Vlaanderen,0
Nieuwkapelle,8600,32003,West-Vlaanderen,0
Nieuwkerke,8950,33039,West-Vlaanderen,0
Nieuwkerken-Waas,9100,46021,Oost-Vlaanderen,0
Nieuwmunster,8377,31042,West-Vlaanderen,0
Nieuwpoort,8620,38016,West-Vlaanderen,1
Nieuwrode,3221,24043,Vlaams-Brabant,0
Nijlen,2560,12026,Antwerpen,1
Nil-Saint-Vincent-Saint-Martin,1457,25124,Waals-Brabant,0
Nimy,7020,53053,Henegouwen,0
Ninove,9400,41048,Oost-Vlaanderen,1
Nismes,5670,93090,Namen,0
Nivelles,1400,25072,Waals-Brabant,1
Niverlée,5680,93018,Namen,0
Nives,6640,82036,Luxemburg,0
Nobressart,6717,81003,Luxemburg,0
Nodebais,1320,25005,Waals-Brabant,0
Noduwez,1350,25120,Waals-Brabant,0
Noirchain,7080,53028,Henegouwen,0
Noirefontaine,6831,84010,Luxemburg,0
Noiseux,5377,91120,Namen,0
Nokere,9771,45017,Oost-Vlaanderen,0
Nollevaux,6851,84050,Luxemburg,0
Noorderwijk,2200,13011,Antwerpen,0
Noordschote,8647,32030,West-Vlaanderen,0
Nossegem,1930,23094,Vlaams-Brabant,0
Nothomb,6717,81003,Luxemburg,0
Nouvelles,7022,53053,Henegouwen,0
Noville,4347,82003,Luik,0
Noville,6600,82003,Luxemburg,0
Noville-Les-Bois,5380,92138,Namen,0
Noville-Sur-Méhaigne,5310,92035,Namen,0
Nukerke,9681,45064,Oost-Vlaanderen,0
Néchin,7730,57027,Henegouwen,0
Obaix,6230,52055,Henegouwen,0
Obigies,7743,57062,Henegouwen,0
Obourg,7034,53053,Henegouwen,0
Ochamps,6890,84035,Luxemburg,0
Ocquier,4560,61012,Luik,0
Odeigne,6960,83055,Luxemburg,0
Odeur,4367,64021,Luik,0
Oedelem,8730,31003,West-Vlaanderen,0
Oekene,8800,36015,West-Vlaanderen,0
Oelegem,2520,11035,Antwerpen,0
Oeren,8690,38002,West-Vlaanderen,0
Oeselgem,8720,37002,West-Vlaanderen,0
Oetingen,1755,23024,Vlaams-Brabant,0
Oeudeghien,7911,51065,Henegouwen,0
Oevel,2260,13049,Antwerpen,0
Offagne,6850,84050,Luxemburg,0
Ogy,7862,55023,Henegouwen,0
Ohain,1380,25119,Waals-Brabant,0
Ohey,5350,92097,Namen,1
Oignies-En-Thiérache,5670,93090,Namen,0
Oisquercq,1480,25105,Waals-Brabant,0
Oizy,5555,91015,Namen,0
Okegem,9400,41048,Oost-Vlaanderen,0
Olen,2250,13029,Antwerpen,1
Oleye,4300,64074,Luik,0
Ollignies,7866,55023,Henegouwen,0
Olloy-Sur-Viroin,5670,93090,Namen,0
Olmen,2491,13003,Antwerpen,0
Olne,4877,63057,Luik,1
Olsene,9870,44081,Oost-Vlaanderen,0
Omal,4252,64029,Luik,0
Ombret,4540,61003,Luik,0
Omezée,5600,93056,Namen,0
On,6900,83034,Luxemburg,0
Onhaye,5520,91103,Namen,1
Onkerzele,9500,41018,Oost-Vlaanderen,0
Onnezies,7387,53083,Henegouwen,0
Onoz,5190,92140,Namen,0
Onze-Lieve-Vrouw-Lombeek,1760,23097,Vlaams-Brabant,0
Onze-Lieve-Vrouw-Waver,2861,12035,Antwerpen,0
Ooigem,8710,37017,West-Vlaanderen,0
Ooike,9700,45035,Oost-Vlaanderen,0
Ooike,9790,45061,Oost-Vlaanderen,0
Oombergen,9520,41063,Oost-Vlaanderen,0
Oombergen,9620,41081,Oost-Vlaanderen,0
Oorbeek,3300,24107,Vlaams-Brabant,0
Oordegem,9340,41034,Oost-Vlaanderen,0
Oostakker,9041,44021,Oost-Vlaanderen,0
Oostduinkerke,8670,38014,West-Vlaanderen,0
Oosteeklo,9968,43002,Oost-Vlaanderen,0
Oostende,8400,35013,West-Vlaanderen,1
Oosterzele,9860,44052,Oost-Vlaanderen,1
Oostham,3945,71069,Limburg,0
Oostkamp,8020,31022,West-Vlaanderen,1
Oostkerke,8340,32003,West-Vlaanderen,0
Oostkerke,8600,32003,West-Vlaanderen,0
Oostmalle,2390,11057,Antwerpen,0
Oostnieuwkerke,8840,36019,West-Vlaanderen,0
Oostrozebeke,8780,37010,West-Vlaanderen,1
Oostvleteren,8640,33041,West-Vlaanderen,0
Oostwinkel,9931,44080,Oost-Vlaanderen,0
Opbrakel,9660,45059,Oost-Vlaanderen,0
Opdorp,9255,42004,Oost-Vlaanderen,0
Opglabbeek,3660,71047,Limburg,1
Opgrimbie,3630,73107,Limburg,0
Ophain-Bois-Seigneur-Isaac,1421,25014,Waals-Brabant,0
Ophasselt,9500,41018,Oost-Vlaanderen,0
Opheers,3870,73022,Limburg,0
Opheylissem,1357,25118,Waals-Brabant,0
Ophoven,3640,72018,Limburg,0
Opitter,3960,72004,Limburg,0
Oplinter,3300,24107,Vlaams-Brabant,0
Opoeteren,3680,72021,Limburg,0
Opont,6852,84050,Luxemburg,0
Opprebais,1315,25043,Waals-Brabant,0
Oppuurs,2890,12034,Antwerpen,0
Opvelp,3360,24011,Vlaams-Brabant,0
Opwijk,1745,23060,Vlaams-Brabant,1
Orbais,1360,25084,Waals-Brabant,0
Orchimont,5550,91143,Namen,0
Orcq,7501,57081,Henegouwen,0
Ordingen,3800,71053,Limburg,0
Oret,5640,92087,Namen,0
Oreye,4360,64056,Luik,1
Orgeo,6880,84009,Luxemburg,0
Ormeignies,7802,51004,Henegouwen,0
Orp-Le-Grand,1350,25120,Waals-Brabant,0
Orroir,7750,57095,Henegouwen,0
Orsmaal-Gussenhoven,3350,24133,Vlaams-Brabant,0
Ortho,6983,83031,Luxemburg,0
Ostiches,7804,51004,Henegouwen,0
Otegem,8553,34042,West-Vlaanderen,0
Oteppe,4210,61010,Luik,0
Othée,4340,62006,Luik,0
Otrange,4360,64056,Luik,0
Ottenburg,3040,24045,Vlaams-Brabant,0
Ottergem,9420,41082,Oost-Vlaanderen,0
Ottignies,1340,25121,Waals-Brabant,0
Oud-heverlee,3050,24086,Vlaams-Brabant,1
Oud-turnhout,2360,13031,Antwerpen,1
Oudegem,9200,42006,Oost-Vlaanderen,0
Oudekapelle,8600,32003,West-Vlaanderen,0
Oudenaarde,9700,45035,Oost-Vlaanderen,1
Oudenaken,1600,23077,Vlaams-Brabant,0
Oudenburg,8460,35014,West-Vlaanderen,1
Oudergem,1160,21002,Brussel,1
Ouffet,4590,61048,Luik,1
Ougrée,4102,62096,Luik,0
Oupeye,4680,62079,Luik,1
Outer,9406,41048,Oost-Vlaanderen,0
Outgaarden,3321,24041,Vlaams-Brabant,0
Outrelouxhe,4577,61041,Luik,0
Outrijve,8582,34003,West-Vlaanderen,0
Ouwegem,9750,45057,Oost-Vlaanderen,0
Overboelare,9500,41018,Oost-Vlaanderen,0
Overhespen,3350,24133,Vlaams-Brabant,0
Overijse,3090,23062,Vlaams-Brabant,1
Overmere,9290,42003,Oost-Vlaanderen,0
Overpelt,3900,72029,Limburg,1
Overrepen,3700,73083,Limburg,0
Overwinden,3400,24059,Vlaams-Brabant,0
Paal,3583,71004,Limburg,0
Paifve,4452,62060,Luik,0
Pailhe,4560,61012,Luik,0
Paliseul,6850,84050,Luxemburg,1
Pamel,1760,23097,Vlaams-Brabant,0
Papignies,7861,55023,Henegouwen,0
Parike,9661,45059,Oost-Vlaanderen,0
Passendale,8980,33037,West-Vlaanderen,0
Patignies,5575,91054,Namen,0
Paturages,7340,53082,Henegouwen,0
Paulatem,9630,45065,Oost-Vlaanderen,0
Pecq,7740,57062,Henegouwen,1
Peer,3990,72030,Limburg,1
Peissant,7120,56085,Henegouwen,0
Pellaines,4287,64047,Luik,0
Pellenberg,3212,24066,Vlaams-Brabant,0
Pepingen,1670,23064,Vlaams-Brabant,1
Pepinster,4860,63058,Luik,1
Perk,1820,23081,Vlaams-Brabant,0
Pervijze,8600,32003,West-Vlaanderen,0
Perwez,1360,92097,Waals-Brabant,1
Perwez-Haillot,5352,92097,Namen,0
Pesche,5660,93014,Namen,0
Pessoux,5590,91030,Namen,0
Petegem-Aan-De-Leie,9800,44011,Oost-Vlaanderen,0
Petegem-Aan-De-Schelde,9790,45061,Oost-Vlaanderen,0
Petigny,5660,93014,Namen,0
Petit-Fays,5555,85039,Namen,0
Petit-Hallet,4280,64034,Luik,0
Petit-Rechain,4800,63079,Luik,0
Petit-Roeulx-Lez-Braine,7090,55004,Henegouwen,0
Petit-Roeulx-Lez-Nivelles,7181,52063,Henegouwen,0
Petit-Thier,6692,82032,Luxemburg,0
Petite-Chapelle,5660,93014,Namen,0
Peutie,1800,23088,Vlaams-Brabant,0
Philippeville,5600,93056,Namen,1
Pipaix,7904,57094,Henegouwen,0
Piringen,3700,73083,Limburg,0
Pironchamps,6240,52018,Henegouwen,0
Pittem,8740,37011,West-Vlaanderen,1
Piètrebais,1315,25043,Waals-Brabant,0
Piéton,7160,52010,Henegouwen,0
Piétrain,1370,25048,Waals-Brabant,0
Plainevaux,4122,62121,Luik,0
Plancenoit,1380,25119,Waals-Brabant,0
Ploegsteert,7782,54010,Henegouwen,0
Poederlee,2275,13019,Antwerpen,0
Poeke,9880,44001,Oost-Vlaanderen,0
Poelkapelle,8920,33040,West-Vlaanderen,0
Poesele,9850,44049,Oost-Vlaanderen,0
Pollare,9401,41048,Oost-Vlaanderen,0
Polleur,4800,63076,Luik,0
Polleur,4910,63076,Luik,0
Pollinkhove,8647,32030,West-Vlaanderen,0
Pommeroeul,7322,51009,Henegouwen,0
Pondrôme,5574,91013,Namen,0
Pont-De-Loup,6250,52074,Henegouwen,0
Pont-à-celles,6230,52055,Henegouwen,1
Pontillas,5380,92138,Namen,0
Poperinge,8970,33021,West-Vlaanderen,1
Poppel,2382,13035,Antwerpen,0
Popuelles,7760,57018,Henegouwen,0
Porcheresse,5370,91064,Namen,0
Porcheresse,6929,91064,Luxemburg,0
Pottes,7760,57018,Henegouwen,0
Poucet,4280,64034,Luik,0
Poulseur,4171,62026,Luik,0
Poupehan,6830,84010,Luxemburg,0
Pousset,4350,64063,Luik,0
Presgaux,5660,93014,Namen,0
Presles,6250,52074,Henegouwen,0
Profondeville,5170,92101,Namen,1
Proven,8972,33021,West-Vlaanderen,0
Pry,5650,93088,Namen,0
Pulderbos,2242,11054,Antwerpen,0
Pulle,2243,11054,Antwerpen,0
Purnode,5530,91141,Namen,0
Pussemange,5550,91143,Namen,0
Putte,2580,12029,Antwerpen,1
Puurs,2870,12030,Antwerpen,1
Péronnes-Lez-Antoing,7640,57003,Henegouwen,0
Péronnes-Lez-Binche,7134,56011,Henegouwen,0
Péruwelz,7600,57064,Henegouwen,1
Quaregnon,7390,53065,Henegouwen,1
Quartes,7540,57081,Henegouwen,0
Quenast,1430,25123,Waals-Brabant,0
Queue-Du-Bois,4610,62015,Luik,0
Quevaucamps,7972,51008,Henegouwen,0
Quiévrain,7380,53068,Henegouwen,1
Quévy-Le-Grand,7040,53084,Henegouwen,0
Quévy-Le-Petit,7040,53084,Henegouwen,0
Rachecourt,6792,81004,Luxemburg,0
Racour,4287,64047,Luik,0
Raeren,4730,63061,Luik,1
Ragnies,6532,56078,Henegouwen,0
Rahier,4987,63075,Luik,0
Ramegnies,7971,51008,Henegouwen,0
Ramegnies-Chin,7520,57081,Henegouwen,0
Ramelot,4557,61081,Luik,0
Ramillies,1367,25122,Waals-Brabant,1
Ramsdonk,1880,23039,Vlaams-Brabant,0
Ramsel,2230,13013,Antwerpen,0
Ramskapelle,8301,38016,West-Vlaanderen,0
Ramskapelle,8620,38016,West-Vlaanderen,0
Rance,6470,56088,Henegouwen,0
Ransart,6043,52011,Henegouwen,0
Ransberg,3470,24054,Vlaams-Brabant,0
Ranst,2520,11035,Antwerpen,1
Ravels,2380,13035,Antwerpen,1
Rebaix,7804,51004,Henegouwen,0
Rebecq-Rognon,1430,25123,Waals-Brabant,0
Recht,4780,63067,Luik,0
Recogne,6800,84077,Luxemburg,0
Redu,6890,84035,Luxemburg,0
Reet,2840,11037,Antwerpen,0
Rekem,3621,73042,Limburg,0
Rekkem,8930,34027,West-Vlaanderen,0
Relegem,1731,23002,Vlaams-Brabant,0
Remagne,6800,84077,Luxemburg,0
Remersdaal,3791,73109,Limburg,0
Remicourt,4350,64063,Luik,1
Rendeux,6987,83044,Luxemburg,1
Reninge,8647,32030,West-Vlaanderen,0
Reningelst,8970,33021,West-Vlaanderen,0
Renlies,6500,56005,Henegouwen,0
Reppel,3950,72003,Limburg,0
Ressaix,7134,56011,Henegouwen,0
Ressegem,9551,41027,Oost-Vlaanderen,0
Resteigne,6927,84068,Luxemburg,0
Retie,2470,13036,Antwerpen,1
Retinne,4621,62038,Luik,0
Reuland,4790,63087,Luik,0
Rhisnes,5080,92141,Namen,0
Richelle,4600,62108,Luik,0
Riemst,3770,73066,Limburg,1
Rienne,5575,91054,Namen,0
Rijkel,3840,73009,Limburg,0
Rijkevorsel,2310,13037,Antwerpen,1
Rijkhoven,3740,73006,Limburg,0
Rijmenam,2820,12005,Antwerpen,0
Riksingen,3700,73083,Limburg,0
Rillaar,3202,24001,Vlaams-Brabant,0
Rivière,5170,92101,Namen,0
Rixensart,1330,25091,Waals-Brabant,1
Rièzes,6464,56016,Henegouwen,0
Robechies,6460,56016,Henegouwen,0
Robelmont,6769,85024,Luxemburg,0
Robertville,4950,63080,Luik,0
Roborst,9630,45065,Oost-Vlaanderen,0
Rochefort,5580,91114,Namen,1
Rochehaut,6830,84010,Luxemburg,0
Rocherath,4761,63012,Luik,0
Roclenge-Sur-Geer,4690,62011,Luik,0
Rocourt,4000,62063,Luik,0
Roesbrugge-Haringe,8972,33021,West-Vlaanderen,0
Roeselare,8800,36015,West-Vlaanderen,1
Rognée,5651,93088,Namen,0
Roisin,7387,53083,Henegouwen,0
Roksem,8460,35014,West-Vlaanderen,0
Rollegem,8510,34022,West-Vlaanderen,0
Rollegem-Kapelle,8880,36010,West-Vlaanderen,0
Roloux,4347,64025,Luik,0
Roly,5600,93056,Namen,0
Romedenne,5600,93056,Namen,0
Romershoven,3730,73032,Limburg,0
Romerée,5680,93018,Namen,0
Romsée,4624,62038,Luik,0
Rongy,7623,57093,Henegouwen,0
Ronquières,7090,55004,Henegouwen,0
Ronse,9600,45041,Oost-Vlaanderen,1
Ronsele,9932,44080,Oost-Vlaanderen,0
Roosbeek,3370,24016,Vlaams-Brabant,0
Roosdaal,1760,23097,Vlaams-Brabant,1
Roselies,6250,52074,Henegouwen,0
Rosières,1331,25091,Waals-Brabant,0
Rosmeer,3740,73006,Limburg,0
Rosoux-Crenwick,4257,64008,Luik,0
Rossignol,6730,85039,Luxemburg,0
Rosée,5620,93022,Namen,0
Rotem,3650,72041,Limburg,0
Rotheux-Rimière,4120,62121,Luik,0
Rotselaar,3110,24094,Vlaams-Brabant,1
Roucourt,7601,57064,Henegouwen,0
Rouveroy,7120,56085,Henegouwen,0
Rouvreux,4140,62100,Luik,0
Roux,6044,52011,Henegouwen,0
Roux-Miroir,1315,25043,Waals-Brabant,0
Roy,6900,83034,Luxemburg,0
Rozebeke,9630,45065,Oost-Vlaanderen,0
Ruddervoorde,8020,31022,West-Vlaanderen,0
Ruette,6760,85045,Luxemburg,0
Ruien,9690,11002,Oost-Vlaanderen,0
Ruisbroek,1601,23077,Vlaams-Brabant,0
Ruisbroek,2870,23077,Antwerpen,0
Ruiselede,8755,37012,West-Vlaanderen,1
Rukkelingen-Loon,3870,73022,Limburg,0
Rulles,6724,85046,Luxemburg,0
Rumbeke,8800,36015,West-Vlaanderen,0
Rumes,7610,57072,Henegouwen,1
Rumillies,7540,57081,Henegouwen,0
Rummen,3454,24028,Vlaams-Brabant,0
Rumsdorp,3400,24059,Vlaams-Brabant,0
Rumst,2840,11037,Antwerpen,1
Runkelen,3803,71053,Limburg,0
Rupelmonde,9150,46013,Oost-Vlaanderen,0
Russeignies,7750,57095,Henegouwen,0
Rutten,3700,73083,Limburg,0
Rèves,6210,52075,Henegouwen,0
S Gravenvoeren,3798,73109,Limburg,0
Saint-Amand,6221,52021,Henegouwen,0
Saint-André,4606,62027,Luik,0
Saint-Aubin,5620,93022,Namen,0
Saint-Denis,7034,92141,Henegouwen,0
Saint-Denis-Bovesse,5081,92141,Namen,0
Saint-Germain,5310,92035,Namen,0
Saint-Gérard,5640,92087,Namen,0
Saint-Géry,1450,25117,Waals-Brabant,0
Saint-Jean-Geest,1370,25048,Waals-Brabant,0
Saint-Léger,7730,57027,Henegouwen,0
Saint-Marc,5003,92094,Namen,0
Saint-Mard,6762,85045,Luxemburg,0
Saint-Martin,5190,92140,Namen,0
Saint-Maur,7500,57081,Henegouwen,0
Saint-Médard,6887,84029,Luxemburg,0
Saint-Pierre,6800,84077,Luxemburg,0
Saint-Remy,4672,62119,Luik,0
Saint-Remy,6460,62119,Henegouwen,0
Saint-Remy-Geest,1370,25048,Waals-Brabant,0
Saint-Sauveur,7912,51065,Henegouwen,0
Saint-Servais,5002,92094,Namen,0
Saint-Symphorien,7030,53053,Henegouwen,0
Saint-Séverin,4550,61043,Luik,0
Saint-Vaast,7100,55022,Henegouwen,0
Saint-Vincent,6730,85039,Luxemburg,0
Saint-georges-sur-meuse,4470,64065,Luik,1
Saint-ghislain,7330,53070,Henegouwen,1
Saint-hubert,6870,84059,Luxemburg,1
Saint-léger,6747,85034,Luxemburg,1
Saint-nicolas,4420,62093,Luik,1
Saint-vith,4780,63067,Luik,1
Sainte-Cécile,6820,85011,Luxemburg,0
Sainte-Marie-Chevigny,6800,84077,Luxemburg,0
Sainte-Marie-Sur-Semois,6740,85009,Luxemburg,0
Saintes,1480,25105,Waals-Brabant,0
Saive,4671,62119,Luik,0
Salles,6460,56016,Henegouwen,0
Samart,5600,93056,Namen,0
Samrée,6982,83031,Luxemburg,0
Sars-La-Bruyère,7080,53028,Henegouwen,0
Sars-La-Buissière,6542,56044,Henegouwen,0
Sart-Bernard,5330,92006,Namen,0
Sart-Custinne,5575,91054,Namen,0
Sart-Dames-Avelines,1495,25107,Waals-Brabant,0
Sart-En-Fagne,5600,93056,Namen,0
Sart-Eustache,5070,92048,Namen,0
Sart-Lez-Spa,4845,63038,Luik,0
Sart-Saint-Laurent,5070,92048,Namen,0
Sautin,6470,56088,Henegouwen,0
Sautour,5600,93056,Namen,0
Sauvenière,5030,92142,Namen,0
Schaarbeek,1030,21015,Brussel,1
Schaffen,3290,24020,Vlaams-Brabant,0
Schalkhoven,3732,73032,Limburg,0
Schaltin,5364,91059,Namen,0
Schelderode,9820,44043,Oost-Vlaanderen,0
Scheldewindeke,9860,44052,Oost-Vlaanderen,0
Schelle,2627,11038,Antwerpen,1
Schellebelle,9260,42026,Oost-Vlaanderen,0
Schendelbeke,9506,41018,Oost-Vlaanderen,0
Schepdaal,1703,23016,Vlaams-Brabant,0
Scherpenheuvel,3270,24134,Vlaams-Brabant,0
Schilde,2970,11039,Antwerpen,1
Schoenberg,4782,63012,Luik,0
Schoonaarde,9200,42006,Oost-Vlaanderen,0
Schore,8433,35011,West-Vlaanderen,0
Schorisse,9688,45064,Oost-Vlaanderen,0
Schoten,2900,11040,Antwerpen,1
Schriek,2223,12014,Antwerpen,0
Schuiferskapelle,8700,37015,West-Vlaanderen,0
Schulen,3540,71024,Limburg,0
Sclayn,5300,92003,Namen,0
Scy,5361,91059,Namen,0
Seilles,5300,92003,Namen,0
Seloignes,6596,56051,Henegouwen,0
Semmerzake,9890,44020,Oost-Vlaanderen,0
Seneffe,7180,52063,Henegouwen,1
Sensenruth,6832,84010,Luxemburg,0
Seny,4557,61081,Luik,0
Senzeille,5630,93010,Namen,0
Septon,6940,83012,Luxemburg,0
Seraing,4100,62096,Luik,1
Seraing-Le-Château,4537,61063,Luik,0
Serinchamps,5590,91030,Namen,0
Serskamp,9260,42026,Oost-Vlaanderen,0
Serville,5521,91103,Namen,0
Sibret,6640,82036,Luxemburg,0
Signeulx,6750,85026,Luxemburg,0
Sijsele,8340,31006,West-Vlaanderen,0
Silenrieux,5630,93010,Namen,0
Silly,7830,55039,Henegouwen,1
Sinaai-Waas,9112,46021,Oost-Vlaanderen,0
Sinsin,5377,91120,Namen,0
Sint-Agatha-Rode,3040,24045,Vlaams-Brabant,0
Sint-Amandsberg,9040,44021,Oost-Vlaanderen,0
Sint-Andries,8200,31005,West-Vlaanderen,0
Sint-Antelinks,9550,41027,Oost-Vlaanderen,0
Sint-Baafs-Vijve,8710,37017,West-Vlaanderen,0
Sint-Blasius-Boekel,9630,45065,Oost-Vlaanderen,0
Sint-Denijs,8554,34042,West-Vlaanderen,0
Sint-Denijs-Boekel,9630,45065,Oost-Vlaanderen,0
Sint-Denijs-Westrem,9051,44021,Oost-Vlaanderen,0
Sint-Eloois-Vijve,8793,34040,West-Vlaanderen,0
Sint-Eloois-Winkel,8880,36010,West-Vlaanderen,0
Sint-Gillis-Dendermonde,9200,42006,Oost-Vlaanderen,0
Sint-Goriks-Oudenhove,9620,41081,Oost-Vlaanderen,0
Sint-Huibrechts-Hern,3730,73032,Limburg,0
Sint-Huibrechts-Lille,3910,72025,Limburg,0
Sint-Jacobs-Kapelle,8600,32003,West-Vlaanderen,0
Sint-Jan,8900,33011,West-Vlaanderen,0
Sint-Jan-In-Eremo,9982,43014,Oost-Vlaanderen,0
Sint-Job-In-'T-Goor,2960,11009,Antwerpen,0
Sint-Joost-ten-Node,1210,21014,Brussel,0
Sint-Joris,8620,38016,West-Vlaanderen,0
Sint-Joris,8730,38016,West-Vlaanderen,0
Sint-Joris-Weert,3051,24086,Vlaams-Brabant,0
Sint-Joris-Winge,3390,24135,Vlaams-Brabant,0
Sint-Katherina-Lombeek,1742,23086,Vlaams-Brabant,0
Sint-Kornelis-Horebeke,9667,45062,Oost-Vlaanderen,0
Sint-Kruis,8310,31005,West-Vlaanderen,0
Sint-Kruis-Winkel,9042,44014,Oost-Vlaanderen,0
Sint-Kwintens-Lennik,1750,23104,Vlaams-Brabant,0
Sint-Lambrechts-Herk,3500,71022,Limburg,0
Sint-Laureins-Berchem,1600,23077,Vlaams-Brabant,0
Sint-Lenaarts,2960,11009,Antwerpen,0
Sint-Lievens-Esse,9550,41027,Oost-Vlaanderen,0
Sint-Margriete,9981,43014,Oost-Vlaanderen,0
Sint-Margriete-Houtem,3300,24107,Vlaams-Brabant,0
Sint-Margriete-Houtem,3470,24054,Vlaams-Brabant,0
Sint-Maria-Horebeke,9667,45062,Oost-Vlaanderen,0
Sint-Maria-Latem,9630,45065,Oost-Vlaanderen,0
Sint-Maria-Lierde,9570,45063,Oost-Vlaanderen,0
Sint-Maria-Oudenhove,9620,41081,Oost-Vlaanderen,0
Sint-Maria-Oudenhove,9660,41081,Oost-Vlaanderen,0
Sint-Martens-Bodegem,1700,23016,Vlaams-Brabant,0
Sint-Martens-Leerne,9800,44011,Oost-Vlaanderen,0
Sint-Martens-Lennik,1750,23104,Vlaams-Brabant,0
Sint-Martens-Lierde,9572,45063,Oost-Vlaanderen,0
Sint-Martens-Voeren,3790,73109,Limburg,0
Sint-Michiels,8200,31005,West-Vlaanderen,0
Sint-Pauwels,9170,46020,Oost-Vlaanderen,0
Sint-Pieters-Kapelle,1541,35011,Vlaams-Brabant,0
Sint-Pieters-Kapelle,8433,35011,West-Vlaanderen,0
Sint-Pieters-Rode,3220,24043,Vlaams-Brabant,0
Sint-Pieters-Voeren,3792,73109,Limburg,0
Sint-Rijkers,8690,38002,West-Vlaanderen,0
Sint-Stevens-Woluwe,1932,23094,Vlaams-Brabant,0
Sint-Ulriks-Kapelle,1700,23016,Vlaams-Brabant,0
Sint-agatha-berchem,1082,21003,Brussel,1
Sint-amands,2890,12034,Antwerpen,1
Sint-genesius-rode,1640,23101,Vlaams-Brabant,1
Sint-gillis,1060,21013,Brussel,1
Sint-gillis-waas,9170,46020,Oost-Vlaanderen,1
Sint-jans-molenbeek,1080,21012,Brussel,1
Sint-katelijne-waver,2860,12035,Antwerpen,1
Sint-lambrechts-woluwe,1200,21018,Brussel,1
Sint-laureins,9980,43014,Oost-Vlaanderen,1
Sint-lievens-houtem,9520,41063,Oost-Vlaanderen,1
Sint-martens-latem,9830,44064,Oost-Vlaanderen,1
Sint-niklaas,9100,46021,Oost-Vlaanderen,1
Sint-pieters-leeuw,1600,23077,Vlaams-Brabant,1
Sint-pieters-woluwe,1150,21019,Brussel,1
Sint-truiden,3800,71053,Limburg,1
Sippenaeken,4851,63088,Luik,0
Sirault,7332,53070,Henegouwen,0
Sivry,6470,56088,Henegouwen,0
Sleidinge,9940,44019,Oost-Vlaanderen,0
Slijpe,8433,35011,West-Vlaanderen,0
Slins,4450,62060,Luik,0
Sluizen,3700,73083,Limburg,0
Smeerebbe-Vloerzegem,9506,41018,Oost-Vlaanderen,0
Smetlede,9340,41034,Oost-Vlaanderen,0
Smuid,6890,84035,Luxemburg,0
Snaaskerke,8470,35005,West-Vlaanderen,0
Snellegem,8490,31012,West-Vlaanderen,0
Soheit-Tinlot,4557,61081,Luik,0
Sohier,6920,84075,Luxemburg,0
Soignies,7060,55040,Henegouwen,1
Soiron,4861,63058,Luik,0
Solre-Saint-Géry,6500,56005,Henegouwen,0
Solre-Sur-Sambre,6560,56022,Henegouwen,0
Sombreffe,5140,92114,Namen,1
Somme-leuze,5377,91120,Namen,1
Sommethonne,6769,85024,Luxemburg,0
Sommière,5523,91103,Namen,0
Somzée,5651,93088,Namen,0
Sorinne-La-Longue,5333,92006,Namen,0
Sorinnes,5503,91034,Namen,0
Sorée,5340,92054,Namen,0
Sosoye,5537,91005,Namen,0
Sougné-Remouchamps,4920,62009,Luik,0
Soulme,5680,93018,Namen,0
Soumagne,4630,62099,Luik,1
Soumoy,5630,93010,Namen,0
Sourbrodt,4950,63080,Luik,0
Souvret,6182,52015,Henegouwen,0
Sovet,5590,91030,Namen,0
Soy,6997,83013,Luxemburg,0
Soye,5150,92045,Namen,0
Spa,4900,63072,Luik,1
Spalbeek,3510,71022,Limburg,0
Spiennes,7032,53053,Henegouwen,0
Spiere,8587,34043,West-Vlaanderen,0
Spontin,5530,91141,Namen,0
Sprimont,4140,62100,Luik,1
Spy,5190,92140,Namen,0
Stabroek,2940,11044,Antwerpen,1
Staden,8840,36019,West-Vlaanderen,1
Stalhille,8490,31012,West-Vlaanderen,0
Stambruges,7973,51008,Henegouwen,0
Stave,5646,92087,Namen,0
Stavele,8691,38002,West-Vlaanderen,0
Stavelot,4970,63073,Luik,1
Steendorp,9140,46025,Oost-Vlaanderen,0
Steenhuffel,1840,23045,Vlaams-Brabant,0
Steenhuize-Wijnhuize,9550,41027,Oost-Vlaanderen,0
Steenkerke,8630,38025,West-Vlaanderen,0
Steenkerque,7090,55004,Henegouwen,0
Steenokkerzeel,1820,23081,Vlaams-Brabant,1
Stekene,9190,46024,Oost-Vlaanderen,1
Stembert,4801,63079,Luik,0
Stene,8400,35013,West-Vlaanderen,0
Sterrebeek,1933,23094,Vlaams-Brabant,0
Stevoort,3512,71022,Limburg,0
Stokkem,3650,72041,Limburg,0
Stokrooie,3511,71022,Limburg,0
Stoumont,4987,63075,Luik,1
Straimont,6887,84029,Luxemburg,0
Strijpen,9620,41081,Oost-Vlaanderen,0
Strijtem,1760,23097,Vlaams-Brabant,0
Strombeek-Bever,1853,23025,Vlaams-Brabant,0
Strée,6511,56005,Henegouwen,0
Strée-Lez-Huy,4577,61041,Luik,0
Strépy-Bracquegnies,7110,55022,Henegouwen,0
Stuivekenskerke,8600,32003,West-Vlaanderen,0
Suarlée,5020,92094,Namen,0
Sugny,5550,91143,Namen,0
Surice,5600,93056,Namen,0
Suxy,6812,85007,Luxemburg,0
Sélange,6781,81015,Luxemburg,0
Tailles,6661,82014,Luxemburg,0
Taintignies,7618,57072,Henegouwen,0
Tamines,5060,92137,Namen,0
Tarcienne,5651,93088,Namen,0
Tavier,4163,61079,Luik,0
Taviers,5310,92035,Namen,0
Tavigny,6662,82014,Luxemburg,0
Tellin,6927,84068,Luxemburg,1
Templeuve,7520,57081,Henegouwen,0
Temploux,5020,92094,Namen,0
Temse,9140,46025,Oost-Vlaanderen,1
Tenneville,6970,83049,Luxemburg,1
Teralfene,1790,23105,Vlaams-Brabant,0
Terhagen,2840,11037,Antwerpen,0
Termes,6813,85007,Luxemburg,0
Ternat,1740,23086,Vlaams-Brabant,1
Tertre,7333,53070,Henegouwen,0
Tervuren,3080,24104,Vlaams-Brabant,1
Terwagne,4560,61012,Luik,0
Tessenderlo,3980,71057,Limburg,1
Testelt,3272,24134,Vlaams-Brabant,0
Teuven,3793,73109,Limburg,0
Theux,4910,63076,Luik,1
Thiaumont,6717,81003,Luxemburg,0
Thieu,7070,55035,Henegouwen,0
Thieulain,7901,57094,Henegouwen,0
Thieusies,7061,55040,Henegouwen,0
Thimister,4890,63089,Luik,0
Thimougies,7533,57081,Henegouwen,0
Thiméon,6230,52055,Henegouwen,0
Thines,1402,25072,Waals-Brabant,0
Thirimont,6500,56005,Henegouwen,0
Thisnes,4280,64034,Luik,0
Thommen,4791,63087,Luik,0
Thon,5300,92003,Namen,0
Thorembais-Les-Béguines,1360,25084,Waals-Brabant,0
Thorembais-Saint-Trond,1360,25084,Waals-Brabant,0
Thoricourt,7830,55039,Henegouwen,0
Thuillies,6536,56078,Henegouwen,0
Thuin,6530,56078,Henegouwen,1
Thulin,7350,53039,Henegouwen,0
Thumaide,7971,51008,Henegouwen,0
Thy-Le-Baudouin,5621,93022,Namen,0
Thy-Le-Château,5651,93088,Namen,0
Thynes,5502,91034,Namen,0
Thys,4367,64021,Luik,0
Tiegem,8573,34002,West-Vlaanderen,0
Tielen,2460,13017,Antwerpen,0
Tielrode,9140,46025,Oost-Vlaanderen,0
Tielt,3390,37015,Vlaams-Brabant,0
Tielt,8700,37015,West-Vlaanderen,1
Tienen,3300,24107,Vlaams-Brabant,1
Tignée,4630,62099,Luik,0
Tihange,4500,61031,Luik,0
Tildonk,3150,24033,Vlaams-Brabant,0
Tilff,4130,62032,Luik,0
Tillet,6680,82038,Luxemburg,0
Tilleur,4420,62093,Luik,0
Tillier,5380,92138,Namen,0
Tilly,1495,25107,Waals-Brabant,0
Tinlot,4557,61081,Luik,1
Tintange,6637,82009,Luxemburg,0
Tintigny,6730,85039,Luxemburg,1
Tisselt,2830,12040,Antwerpen,0
Toernich,6700,81001,Luxemburg,0
Tohogne,6941,83012,Luxemburg,0
Tollembeek,1570,23023,Vlaams-Brabant,0
Tongeren,3700,73083,Limburg,1
Tongerlo,2260,72004,Antwerpen,0
Tongerlo,3960,72004,Limburg,0
Tongre-Notre-Dame,7951,51014,Henegouwen,0
Tongre-Saint-Martin,7950,51014,Henegouwen,0
Tongrinne,5140,92114,Namen,0
Tontelange,6717,81003,Luxemburg,0
Torgny,6767,85047,Luxemburg,0
Torhout,8820,31033,West-Vlaanderen,1
Tourinne,4263,64015,Luik,0
Tourinnes-La-Grosse,1320,25005,Waals-Brabant,0
Tourinnes-Saint-Lambert,1457,25124,Waals-Brabant,0
Tournai,7500,57081,Henegouwen,1
Tournay,6840,84043,Luxemburg,0
Tourpes,7904,57094,Henegouwen,0
Transinne,6890,84035,Luxemburg,0
Trazegnies,6183,52015,Henegouwen,0
Treignes,5670,93090,Namen,0
Trembleur,4670,62119,Luik,0
Tremelo,3120,24109,Vlaams-Brabant,1
Trivières,7100,55022,Henegouwen,0
Trognée,4280,64034,Luik,0
Trois-ponts,4980,63086,Luik,1
Tubize,1480,25105,Waals-Brabant,1
Turnhout,2300,13040,Antwerpen,1
Ucimont,6833,84010,Luxemburg,0
Uikhoven,3631,73107,Limburg,0
Uitbergen,9290,42003,Oost-Vlaanderen,0
Uitkerke,8370,31004,West-Vlaanderen,0
Ukkel,1180,21016,Brussel,1
Ulbeek,3832,73098,Limburg,0
Upigny,5310,92035,Namen,0
Ursel,9910,44029,Oost-Vlaanderen,0
Vaalbeek,3054,24086,Vlaams-Brabant,0
Val-Meer,3770,73066,Limburg,0
Vance,6741,85009,Luxemburg,0
Varendonk,2431,13053,Antwerpen,0
Varsenare,8490,31012,West-Vlaanderen,0
Vaucelles,5680,93018,Namen,0
Vaulx,7536,57081,Henegouwen,0
Vaulx-Lez-Chimay,6462,56016,Henegouwen,0
Vaux-Chavanne,6960,83055,Luxemburg,0
Vaux-Et-Borset,4530,61068,Luik,0
Vaux-Lez-Rosières,6640,82036,Luxemburg,0
Vaux-Sous-Chèvremont,4051,62022,Luik,0
Vaux-sur-sûre,6640,82036,Luxemburg,1
Vechmaal,3870,73022,Limburg,0
Vedrin,5020,92094,Namen,0
Veerle,2431,13053,Antwerpen,0
Velaine-Sur-Sambre,5060,92137,Namen,0
Velaines,7760,57018,Henegouwen,0
Veldegem,8210,31040,West-Vlaanderen,0
Veldwezelt,3620,73042,Limburg,0
Vellereille-Le-Sec,7120,56085,Henegouwen,0
Vellereille-Les-Brayeux,7120,56085,Henegouwen,0
Velm,3806,71053,Limburg,0
Velroux,4460,62118,Luik,0
Veltem-Beisem,3020,24038,Vlaams-Brabant,0
Velzeke-Ruddershove,9620,41081,Oost-Vlaanderen,0
Vencimont,5575,91054,Namen,0
Vergnies,6440,56029,Henegouwen,0
Verlaine,4537,61063,Luik,1
Verlée,5370,91064,Namen,0
Verrebroek,9130,46003,Oost-Vlaanderen,0
Vertrijk,3370,24016,Vlaams-Brabant,0
Verviers,4800,63079,Luik,1
Vesqueville,6870,84059,Luxemburg,0
Veulen,3870,73022,Limburg,0
Veurne,8630,38025,West-Vlaanderen,1
Vezin,5300,92003,Namen,0
Vezon,7538,57081,Henegouwen,0
Viane,9500,41018,Oost-Vlaanderen,0
Vichte,8570,34002,West-Vlaanderen,0
Vielsalm,6690,82032,Luxemburg,1
Viemme,4317,64076,Luik,0
Viersel,2240,11054,Antwerpen,0
Vierset-Barse,4577,61041,Luik,0
Vierves-Sur-Viroin,5670,93090,Namen,0
Viesville,6230,52055,Henegouwen,0
Vieux-Genappe,1472,25031,Waals-Brabant,0
Vieux-Waleffe,4530,61068,Luik,0
Vieuxville,4190,61019,Luik,0
Villance,6890,84035,Luxemburg,0
Ville-En-Hesbaye,4260,64015,Luik,0
Ville-Pommeroeul,7322,51009,Henegouwen,0
Ville-Sur-Haine,7070,55035,Henegouwen,0
Villerot,7334,53070,Henegouwen,0
Villers-Aux-Tours,4161,61079,Luik,0
Villers-Deux-Eglises,5630,93010,Namen,0
Villers-Devant-Orval,6823,85011,Luxemburg,0
Villers-En-Fagne,5600,93056,Namen,0
Villers-L'Evêque,4340,62006,Luik,0
Villers-La-Bonne-Eau,6600,82003,Luxemburg,0
Villers-La-Loue,6769,85024,Luxemburg,0
Villers-La-Tour,6460,56016,Henegouwen,0
Villers-Le-Gambon,5600,93056,Namen,0
Villers-Le-Peuplier,4280,64034,Luik,0
Villers-Le-Temple,4550,61043,Luik,0
Villers-Lez-Heest,5080,92141,Namen,0
Villers-Notre-Dame,7812,51004,Henegouwen,0
Villers-Perwin,6210,52075,Henegouwen,0
Villers-Poterie,6280,52025,Henegouwen,0
Villers-Saint-Amand,7812,51004,Henegouwen,0
Villers-Saint-Ghislain,7031,53053,Henegouwen,0
Villers-Saint-Siméon,4453,62060,Luik,0
Villers-Sainte-Gertrude,6941,83012,Luxemburg,0
Villers-Sur-Lesse,5580,91114,Namen,0
Villers-Sur-Semois,6740,85009,Luxemburg,0
Villers-la-ville,1495,25107,Waals-Brabant,1
Villers-le-bouillet,4530,61068,Luik,1
Vilvoorde,1800,23088,Vlaams-Brabant,1
Vinalmont,4520,61072,Luik,0
Vinderhoute,9921,44036,Oost-Vlaanderen,0
Vinkem,8630,38025,West-Vlaanderen,0
Vinkt,9800,44011,Oost-Vlaanderen,0
Virelles,6461,56016,Henegouwen,0
Virginal-Samme,1460,25044,Waals-Brabant,0
Virton,6760,85045,Luxemburg,1
Vissenaken,3300,24107,Vlaams-Brabant,0
Visé,4600,62108,Luik,1
Vitrival,5070,92048,Namen,0
Vivegnis,4683,62079,Luik,0
Vivy,6833,84010,Luxemburg,0
Vladslo,8600,32003,West-Vlaanderen,0
Vlamertinge,8908,33011,West-Vlaanderen,0
Vlekkem,9420,41082,Oost-Vlaanderen,0
Vlezenbeek,1602,23077,Vlaams-Brabant,0
Vliermaal,3724,73040,Limburg,0
Vliermaalroot,3721,73040,Limburg,0
Vlierzele,9520,41063,Oost-Vlaanderen,0
Vlijtingen,3770,73066,Limburg,0
Vlimmeren,2340,13004,Antwerpen,0
Vlissegem,8421,35029,West-Vlaanderen,0
Vloesberg,7880,51019,Henegouwen,1
Vodecée,5600,93056,Namen,0
Vodelée,5680,93018,Namen,0
Vogenée,5650,93088,Namen,0
Volkegem,9700,45035,Oost-Vlaanderen,0
Vollezele,1570,23023,Vlaams-Brabant,0
Vonêche,5570,91013,Namen,0
Voorde,9400,41048,Oost-Vlaanderen,0
Voormezele,8902,33011,West-Vlaanderen,0
Voort,3840,73009,Limburg,0
Voroux-Goreux,4347,64025,Luik,0
Voroux-Lez-Liers,4451,62060,Luik,0
Vorselaar,2290,13044,Antwerpen,1
Vorsen,3890,71017,Limburg,0
Vorst,1190,21007,Brussel,1
Vorst,2430,21007,Antwerpen,0
Vosselaar,2350,13046,Antwerpen,1
Vosselare,9850,44049,Oost-Vlaanderen,0
Vossem,3080,24104,Vlaams-Brabant,0
Vottem,4041,62051,Luik,0
Vrasene,9120,46003,Oost-Vlaanderen,0
Vremde,2531,11004,Antwerpen,0
Vreren,3700,73083,Limburg,0
Vresse-sur-semois,5550,91143,Namen,1
Vroenhoven,3770,73066,Limburg,0
Vucht,3630,73107,Limburg,0
Vurste,9890,44020,Oost-Vlaanderen,0
Vyle-Et-Tharoul,4570,61039,Luik,0
Waanrode,3473,24054,Vlaams-Brabant,0
Waarbeke,9506,41018,Oost-Vlaanderen,0
Waardamme,8020,31022,West-Vlaanderen,0
Waarloos,2550,11024,Antwerpen,0
Waarmaarde,8581,34003,West-Vlaanderen,0
Waarschoot,9950,44072,Oost-Vlaanderen,1
Waasmont,3401,24059,Vlaams-Brabant,0
Waasmunster,9250,42023,Oost-Vlaanderen,1
Waasten,7784,54010,Henegouwen,0
Wachtebeke,9185,44073,Oost-Vlaanderen,1
Wadelincourt,7971,51008,Henegouwen,0
Wagnelée,6223,52021,Henegouwen,0
Waha,6900,83034,Luxemburg,0
Waillet,5377,91120,Namen,0
Waimes,4950,63080,Luik,1
Wakken,8720,37002,West-Vlaanderen,0
Walcourt,5650,93088,Namen,1
Walem,2800,12025,Antwerpen,0
Walhain-Saint-Paul,1457,25124,Waals-Brabant,0
Walhorn,4711,63048,Luik,0
Walsbets,3401,24059,Vlaams-Brabant,0
Walshoutem,3401,24059,Vlaams-Brabant,0
Waltwilder,3740,73006,Limburg,0
Wambeek,1741,23086,Vlaams-Brabant,0
Wancennes,5570,91013,Namen,0
Wandre,4020,62063,Luik,0
Wanfercée-Baulet,6224,52021,Henegouwen,0
Wange,3400,24059,Vlaams-Brabant,0
Wangenies,6220,52021,Henegouwen,0
Wanlin,5564,91072,Namen,0
Wanne,4980,63086,Luik,0
Wannebecq,7861,55023,Henegouwen,0
Wannegem-Lede,9772,45017,Oost-Vlaanderen,0
Wansin,4280,64034,Luik,0
Wanze,4520,61072,Luik,1
Wanzele,9340,41034,Oost-Vlaanderen,0
Warchin,7548,57081,Henegouwen,0
Warcoing,7740,57062,Henegouwen,0
Wardin,6600,82003,Luxemburg,0
Waregem,8790,34040,West-Vlaanderen,1
Waremme,4300,64074,Luik,1
Waret-L'Evêque,4217,61028,Luik,0
Waret-La-Chaussée,5310,92035,Namen,0
Warisoulx,5080,92141,Namen,0
Warnant,5537,91005,Namen,0
Warnant-Dreye,4530,61068,Luik,0
Warquignies,7340,53082,Henegouwen,0
Warsage,4608,62027,Luik,0
Warzée,4590,61048,Luik,0
Wasmes,7340,53082,Henegouwen,0
Wasmes-Audemez-Briffoeil,7604,57064,Henegouwen,0
Wasmuel,7390,53065,Henegouwen,0
Wasseiges,4219,64075,Luik,1
Waterland-Oudeman,9988,43014,Oost-Vlaanderen,0
Waterloo,1410,25110,Waals-Brabant,1
Watermaal-bosvoorde,1170,21017,Brussel,1
Watervliet,9988,43014,Oost-Vlaanderen,0
Watou,8978,33021,West-Vlaanderen,0
Wattripont,7910,51065,Henegouwen,0
Waudrez,7131,56011,Henegouwen,0
Waulsort,5540,91142,Namen,0
Wauthier-Braine,1440,25015,Waals-Brabant,0
Wavre,1300,25112,Waals-Brabant,1
Wavreille,5580,91114,Namen,0
Wayaux,6210,52075,Henegouwen,0
Ways,1474,25031,Waals-Brabant,0
Webbekom,3290,24020,Vlaams-Brabant,0
Wechelderzande,2275,13019,Antwerpen,0
Weelde,2381,13035,Antwerpen,0
Weerde,1982,23096,Vlaams-Brabant,0
Weert,2880,12007,Antwerpen,0
Wegnez,4860,63058,Luik,0
Weillen,5523,91103,Namen,0
Welden,9700,45035,Oost-Vlaanderen,0
Welkenraedt,4840,63084,Luik,1
Welle,9473,41011,Oost-Vlaanderen,0
Wellen,3830,73098,Limburg,1
Wellin,6920,84075,Luxemburg,1
Wemmel,1780,23102,Vlaams-Brabant,1
Wenduine,8420,35029,West-Vlaanderen,0
Werbomont,4190,61019,Luik,0
Werchter,3118,24094,Vlaams-Brabant,0
Werken,8610,32011,West-Vlaanderen,0
Werm,3730,73032,Limburg,0
Wervik,8940,33029,West-Vlaanderen,1
Wespelaar,3150,24033,Vlaams-Brabant,0
Westende,8434,35011,West-Vlaanderen,0
Westerlo,2260,13049,Antwerpen,1
Westkapelle,8300,31043,West-Vlaanderen,0
Westkerke,8460,35014,West-Vlaanderen,0
Westmalle,2390,11057,Antwerpen,0
Westmeerbeek,2235,13016,Antwerpen,0
Westouter,8954,33039,West-Vlaanderen,0
Westrem,9230,42025,Oost-Vlaanderen,0
Westrozebeke,8840,36019,West-Vlaanderen,0
Westvleteren,8640,33041,West-Vlaanderen,0
Wetteren,9230,42025,Oost-Vlaanderen,1
Wevelgem,8560,34041,West-Vlaanderen,1
Wez-Velvain,7620,57093,Henegouwen,0
Wezemaal,3111,24094,Vlaams-Brabant,0
Wezembeek-oppem,1970,23103,Vlaams-Brabant,1
Wezeren,3401,24059,Vlaams-Brabant,0
Wibrin,6666,82014,Luxemburg,0
Wichelen,9260,42026,Oost-Vlaanderen,1
Widooie,3700,73083,Limburg,0
Wiekevorst,2222,12014,Antwerpen,0
Wielsbeke,8710,37017,West-Vlaanderen,1
Wierde,5100,92094,Namen,0
Wiers,7608,57064,Henegouwen,0
Wiesme,5571,91013,Namen,0
Wieze,9280,42011,Oost-Vlaanderen,0
Wihogne,4452,62060,Luik,0
Wihéries,7370,53020,Henegouwen,0
Wijchmaal,3990,72030,Limburg,0
Wijer,3850,71045,Limburg,0
Wijgmaal,3018,24062,Vlaams-Brabant,0
Wijnegem,2110,11050,Antwerpen,1
Wijshagen,3670,72040,Limburg,0
Wijtschate,8953,33039,West-Vlaanderen,0
Wilderen,3803,71053,Limburg,0
Willaupuis,7904,57094,Henegouwen,0
Willebringen,3370,24016,Vlaams-Brabant,0
Willebroek,2830,12040,Antwerpen,1
Willemeau,7506,57081,Henegouwen,0
Willerzie,5575,91054,Namen,0
Wilrijk,2610,11002,Antwerpen,0
Wilsele,3012,24062,Vlaams-Brabant,0
Wilskerke,8431,35011,West-Vlaanderen,0
Wimmertingen,3501,71022,Limburg,0
Winenne,5570,91013,Namen,0
Wingene,8750,37018,West-Vlaanderen,1
Winksele,3020,24038,Vlaams-Brabant,0
Wintershoven,3722,73040,Limburg,0
Witry,6860,84033,Luxemburg,0
Wodecq,7890,51017,Henegouwen,0
Woesten,8640,33041,West-Vlaanderen,0
Wolkrange,6780,81015,Luxemburg,0
Wolvertem,1861,23050,Vlaams-Brabant,0
Wommelgem,2160,11052,Antwerpen,1
Wommersom,3350,24133,Vlaams-Brabant,0
Wonck,4690,62011,Luik,0
Wondelgem,9032,44021,Oost-Vlaanderen,0
Wontergem,9800,44011,Oost-Vlaanderen,0
Wortegem,9790,45061,Oost-Vlaanderen,0
Wortel,2323,13014,Antwerpen,0
Woubrechtegem,9550,41027,Oost-Vlaanderen,0
Woumen,8600,32003,West-Vlaanderen,0
Wulpen,8670,38014,West-Vlaanderen,0
Wulvergem,8952,33039,West-Vlaanderen,0
Wulveringem,8630,38025,West-Vlaanderen,0
Wuustwezel,2990,11053,Antwerpen,1
Wépion,5100,92094,Namen,0
Wéris,6940,83012,Luxemburg,0
Xhendelesse,4652,63035,Luik,0
Xhendremael,4432,62003,Luik,0
Xhoris,4190,61019,Luik,0
Yernée-Fraineux,4550,61043,Luik,0
Yves-Gomezée,5650,93088,Namen,0
Yvoir,5530,91141,Namen,1
Zaffelare,9080,44034,Oost-Vlaanderen,0
Zandbergen,9506,41018,Oost-Vlaanderen,0
Zande,8680,32010,West-Vlaanderen,0
Zandhoven,2240,11054,Antwerpen,1
Zandvliet,2040,11002,Antwerpen,0
Zandvoorde,8400,33037,West-Vlaanderen,0
Zandvoorde,8980,33037,West-Vlaanderen,0
Zarlardinge,9500,41018,Oost-Vlaanderen,0
Zarren,8610,32011,West-Vlaanderen,0
Zaventem,1930,23094,Vlaams-Brabant,1
Zedelgem,8210,31040,West-Vlaanderen,1
Zeebrugge,8380,31005,West-Vlaanderen,0
Zegelsem,9660,45059,Oost-Vlaanderen,0
Zele,9240,42028,Oost-Vlaanderen,1
Zelem,3545,71020,Limburg,0
Zellik,1731,23002,Vlaams-Brabant,0
Zelzate,9060,43018,Oost-Vlaanderen,1
Zemst,1980,23096,Vlaams-Brabant,1
Zepperen,3800,71053,Limburg,0
Zerkegem,8490,31012,West-Vlaanderen,0
Zevekote,8470,35005,West-Vlaanderen,0
Zeveneken,9080,44034,Oost-Vlaanderen,0
Zeveren,9800,44011,Oost-Vlaanderen,0
Zevergem,9840,44012,Oost-Vlaanderen,0
Zichem,3271,24134,Vlaams-Brabant,0
Zichen-Zussen-Bolder,3770,73066,Limburg,0
Zillebeke,8902,33011,West-Vlaanderen,0
Zingem,9750,45057,Oost-Vlaanderen,1
Zoerle-Parwijs,2260,13049,Antwerpen,0
Zoersel,2980,11055,Antwerpen,1
Zolder,3550,71070,Limburg,0
Zomergem,9930,44080,Oost-Vlaanderen,1
Zonhoven,3520,71066,Limburg,1
Zonnebeke,8980,33037,West-Vlaanderen,1
Zonnegem,9520,41063,Oost-Vlaanderen,0
Zottegem,9620,41081,Oost-Vlaanderen,1
Zoutenaaie,8630,38025,West-Vlaanderen,0
Zoutleeuw,3440,24130,Vlaams-Brabant,1
Zuidschote,8904,33011,West-Vlaanderen,0
Zuienkerke,8377,31042,West-Vlaanderen,1
Zulte,9870,44081,Oost-Vlaanderen,1
Zulzeke,9690,45060,Oost-Vlaanderen,0
Zutendaal,3690,71067,Limburg,1
Zwevegem,8550,34042,West-Vlaanderen,1
Zwevezele,8750,37018,West-Vlaanderen,0
Zwijnaarde,9052,44021,Oost-Vlaanderen,0
Zwijndrecht,2070,11056,Antwerpen,1
Zétrud-Lumay,1370,25048,Waals-Brabant,0